ID,Name,ImpactFactor,TypeofScience,publisher,URL,URL2,data_sharing_req_pub,data_sharing_req_noeffct_pub,data_sharing_encouraged,data_sharing_review,data_sharing_mentioned,data_sharing_protein,data_sharing_codes,data_sharing_none,protein_deposit,code_deposit,trial_deposit,online_reposit,journal_host_sharing,share_request_to_author,multiple_sharing,unspecified_sharing,journal_host_all,journal_host_limit,journal_host_unspecified,open_access,Subcription.,data_copyright,archival,reproducibility
2,ACADEMY OF MANAGEMENT REVIEW,9.408,S,Academy of Management,http://aom.org/Publications/AMR/Information-for-Contributors.aspx,NA,0,0,0,0,0,0,0,1,0,0,0,0,0,0,0,1,NA,NA,NA,0,1,0,0,0
3,ACCIDENT ANALYSIS AND PREVENTION,2.685,S,Elsevier,https://www.elsevier.com/journals/accident-analysis-and-prevention/0001-4575/guide-for-authors,NA,0,0,1,0,0,0,0,0,0,1,0,1,0,0,0,0,NA,NA,NA,0,1,0,0,1
4,ACM Transactions on Autonomous and Adaptive Systems,2.133,M,Association for Computing Machinery ,https://taas.acm.org/authors.cfm,https://www.acm.org/publications/authors/acm-author-izer-service,0,0,0,0,0,0,0,1,0,0,0,0,0,0,0,1,NA,NA,NA,0,1,0,0,0
5,ACM Transactions on Computer-Human Interaction,2.227,M,Association for Computing Machinery ,http://tochi.acm.org/authors/ ,NA,0,0,0,0,0,0,0,1,0,0,0,0,0,0,0,1,NA,NA,NA,0,1,0,0,0
6,ACTA CARSOLOGICA,0.585,P,ZRC SAZU Publishing,https://ojs.zrc-sazu.si/carsologica/about/submissions#authorGuidelines,NA,0,0,1,0,0,0,0,0,0,0,0,1,0,0,0,0,NA,NA,NA,1,0,0,0,0
7,ACTA MECHANICA,1.851,P,Springer Vienna,https://www.springer.com/engineering/mechanics/journal/707,NA,0,0,1,0,0,0,0,0,0,0,0,1,0,0,0,0,NA,NA,NA,0,1,0,0,0
8,Acta Medica Portuguesa,0.498,C,Ordem dos MeÌdicos,https://www.actamedicaportuguesa.com/revista/index.php/amp/about/editorialPolicies#openAccessPolicy,NA,0,0,0,0,0,0,0,1,0,0,0,1,0,0,0,0,NA,NA,NA,1,0,0,0,1
9,ACTA PHYSICA POLONICA B,0.904,P,Jagiellonian University,http://www.actaphys.uj.edu.pl/docs/GuideToAuthors.pdf,http://www.actaphys.uj.edu.pl/for_authors/,0,0,0,0,0,0,0,1,0,0,0,0,0,0,0,1,NA,NA,NA,1,0,0,0,0
10,ADVANCES IN APPLIED MATHEMATICS,0.849,M,Elsevier,https://www.elsevier.com/about/our-business/policies/research-data,https://www.elsevier.com/journals/advances-in-applied-mathematics/0196-8858/guide-for-authors,0,0,1,0,0,0,1,0,0,0,0,1,0,0,0,0,NA,NA,NA,0,1,0,0,1
11,Advances in Applied Mathematics and Mechanics,0.763,M,Cambridge University Press,http://www.global-sci.com/authors/index.html,NA,0,0,0,0,0,0,0,1,0,0,0,0,0,0,0,1,NA,NA,NA,0,1,0,0,0
15,Advances in Marine Biology,2.286,B,Elsevier,https://www.elsevier.com/authors/journal-authors/policies-and-ethics,NA,0,0,1,0,0,0,0,0,0,0,0,1,0,0,0,0,NA,NA,NA,0,1,1,0,1
16,Advances in Neonatal Care,1.277,C,Lippincott Williams & Wilkins,http://edmgr.ovid.com/anc/accounts/ifauth.htm#ConditionsforSubmission,NA,0,0,0,0,1,0,0,0,0,0,0,0,1,0,0,0,0,0,1,0,1,0,0,0
17,Advances in Optics and Photonics,17.833,P,The Optical Society (OSA),https://www.osapublishing.org/submit/review/ethical_guidelines(jan2012).pdf,https://www.osapublishing.org/submit/style/multimedia.cfm#dataset,0,0,0,1,0,0,0,1,0,0,0,1,0,0,0,0,NA,NA,NA,0,1,0,0,0
18,ADVANCES IN PHYSIOLOGY EDUCATION,1.755,B,The American Physiological Society,https://www.physiology.org/author-info.data-supplements,https://www.physiology.org/author-info.fetal-tissue-policy,0,0,1,1,0,0,0,0,1,1,1,0,0,0,1,0,NA,NA,NA,1,0,1,0,1
19,ADVANCES IN STRUCTURAL ENGINEERING,0.829,P,Sage,https://us.sagepub.com/en-us/nam/ethics-responsibility,NA,0,0,0,1,1,0,0,0,0,0,0,0,1,0,0,0,0,0,1,0,1,0,0,0
20,AFRICAN INVERTEBRATES,0.622,B,Pensoft Publishers,https://africaninvertebrates.pensoft.net/about#Author-Guidelines,Copyrights https://riojournal.com/articles.php?id=12431&instance_id=3306530,0,0,1,0,0,0,0,0,1,1,0,1,0,0,0,0,NA,NA,NA,1,0,1,0,1
21,African Journal of Wildlife Research,0.312,B,Southern African Wildlife Management Association,http://peertrack.net/SAWMA/AUTHORS-GUIDE-REV-SEP-15.pdf,NA,0,0,0,0,0,0,0,1,0,0,0,0,0,0,0,1,NA,NA,NA,0,1,0,0,0
22,AGRICULTURAL HISTORY,0.163,S,American Agricultural History Society,http://www.aghistorysociety.org/journal/submit/,NA,0,0,0,0,0,0,0,1,0,0,0,0,0,0,0,1,NA,NA,NA,0,1,0,0,0
23,AIDS RESEARCH AND HUMAN RETROVIRUSES,2.095,C,Mary Ann Liebert,https://home.liebertpub.com/authors/policies/152#self-archiving,NA,0,0,0,0,0,0,0,1,0,0,0,0,0,0,0,1,NA,NA,NA,0,1,0,0,0
25,AMERICAN ANNALS OF THE DEAF,1.024,S,Gallaudet University Press,http://gupress.gallaudet.edu/annals/submit.htm,NA,0,0,0,0,0,0,0,1,0,0,0,0,0,0,0,1,NA,NA,NA,0,1,0,0,0
26,AMERICAN ANTHROPOLOGIST,1.58,S,Wiley,https://authorservices.wiley.com/open-science/open-data/index.html,NA,0,0,1,0,0,0,0,0,0,0,0,1,0,0,0,0,NA,NA,NA,0,1,0,0,1
27,AMERICAN JOURNAL OF BIOETHICS,6.434,S,Taylor & Francis,https://www.tandfonline.com/action/authorSubmission?journalCode=uajb20&page=instructions,NA,0,0,1,0,0,0,0,0,0,0,0,1,0,0,0,0,NA,NA,NA,0,1,0,0,0
28,AMERICAN JOURNAL OF CLINICAL PATHOLOGY,2.4,C,Oxford University Press,https://academic.oup.com/journals/pages/open_access/funder_policies,NA,0,1,0,0,0,0,0,0,0,0,0,1,0,0,0,0,NA,NA,NA,1,0,1,0,0
29,AMERICAN JOURNAL OF HUMAN BIOLOGY,1.78,S,Wiley,https://onlinelibrary.wiley.com/page/journal/15206300/homepage/forauthors.html#_5._EDITORIAL_POLICIES,NA,0,0,1,0,0,0,0,0,1,1,0,1,0,0,0,0,NA,NA,NA,0,1,0,0,0
30,AMERICAN JOURNAL OF OPHTHALMOLOGY,5.052,C,Elsevier,https://www.elsevier.com/journals/american-journal-of-ophthalmology/0002-9394/guide-for-authors,NA,0,0,1,0,0,0,0,0,0,1,0,1,0,0,0,0,NA,NA,NA,0,1,0,0,1
31,AMERICAN JOURNAL OF ORTHOPSYCHIATRY,1.692,S,American Psychological Association,http://www.apa.org/pubs/authors/instructions.aspx,NA,0,0,0,1,1,0,0,0,0,0,0,0,0,0,1,0,NA,NA,NA,0,1,0,0,0
32,AMERICAN JOURNAL OF PHYSIOLOGY-HEART AND CIRCULATORY PHYSIOLOGY,3.348,B,The American Physiological Society,https://www.physiology.org/author-info.data-repositories,https://www.physiology.org/author-info.promoting-transparent-reporting,0,1,0,1,0,0,0,0,1,1,0,0,0,0,1,0,NA,NA,NA,0,1,0,0,1
33,AMERICAN PSYCHOLOGIST,6.681,S,American Psychological Association,http://www.apa.org/pubs/authors/instructions.aspx,http://www.apa.org/pubs/authors/instructions.aspx,0,0,0,1,1,0,0,0,0,0,0,0,0,0,1,0,NA,NA,NA,0,1,0,0,0
34,Analele Stiintifice ale Universitatii Ovidius Constanta-Seria Matematica,0.422,M,"Faculty of Mathematics and Computer Science, Ovidius University, Constanta, Romania",http://www.anstuocmath.ro/instructions-to-authors,NA,0,0,0,0,0,0,0,1,0,0,0,0,0,0,0,1,NA,NA,NA,0,1,0,0,0
35,ANALOG INTEGRATED CIRCUITS AND SIGNAL PROCESSING,0.623,M,Springer,https://www.springer.com/engineering/electronics/journal/10470?detailsPage=pltci_1060487,NA,0,0,1,0,0,0,0,0,0,0,0,1,0,0,0,0,NA,NA,NA,0,1,0,0,0
36,Anatomical Sciences Education,3.198,S,Wiley,https://onlinelibrary.wiley.com/page/journal/19359780/homepage/forauthors.html#11,NA,0,0,1,0,0,0,0,0,0,0,0,1,0,0,0,0,NA,NA,NA,0,1,0,0,0
37,ANNALES DE L INSTITUT HENRI POINCARE-PROBABILITES ET STATISTIQUES,1.08,M,?,http://www.imstat.org/journals-and-publications/annales-de-linstitut-henri-poincare/annales-de-linstitut-henri-poincare-manuscript-submission/,NA,0,0,0,0,0,0,0,1,0,0,0,0,0,0,0,1,NA,NA,NA,0,1,0,0,0
38,ANNALES HENRI POINCARE,1.599,P,Springer,https://www.springer.com/birkhauser/physics/journal/23,NA,0,0,0,0,0,0,0,1,0,0,0,0,0,0,0,1,NA,NA,NA,0,1,0,0,0
39,Annals of Animal Science,0.731,B,DE GRUYTER OPEN,NA,NA,0,0,0,0,0,0,0,1,0,0,0,0,0,0,0,1,NA,NA,NA,1,0,0,0,0
40,ANNALS OF EMERGENCY MEDICINE,5.352,C,Elsevier,https://www.annemergmed.com/content/submitting#handling,NA,0,0,0,0,0,0,0,1,0,0,0,0,0,0,0,1,NA,NA,NA,0,1,0,0,0
41,Annals of Functional Analysis,0.477,M,Duke University Press,https://www.dukeupress.edu/Annals-of-Functional-Analysis/?viewby=journal,NA,0,0,0,0,0,0,0,1,0,0,0,0,0,0,0,1,NA,NA,NA,0,1,0,0,0
42,ANNALS OF GEOPHYSICS,0.915,P,Istituto Nazionale di Geofisica e Vulcanologia,https://www.annalsofgeophysics.eu/index.php/annals/about/editorialPolicies#openAccessPolicy,NA,0,0,0,0,1,0,0,0,0,0,0,1,0,0,0,0,NA,NA,NA,1,0,0,0,0
43,ANNALS OF MATHEMATICS,3.921,M,Princeton University,http://annals.math.princeton.edu/submission-guidelines,NA,0,0,0,0,0,0,0,1,0,0,0,0,0,0,0,1,NA,NA,NA,0,1,0,0,0
44,ANNALS OF MATHEMATICS AND ARTIFICIAL INTELLIGENCE,0.807,M,Springer,https://www.springer.com/computer/ai/journal/10472?detailsPage=pltci_3120653,NA,0,0,1,0,0,0,0,0,0,0,0,1,0,0,0,0,NA,NA,NA,0,1,0,0,0
45,ANNALS OF ONCOLOGY,11.855,C,Oxford University Press,https://academic.oup.com/journals/pages/access_purchase/rights_and_permissions/self_archiving_policy_a,NA,0,0,1,0,0,0,0,0,0,0,0,1,0,0,0,0,NA,NA,NA,0,1,0,0,0
46,ANTHROPOZOOLOGICA,0.607,S,National Museum of Natural science,http://sciencepress.mnhn.fr/sites/default/files/periodiques/pdf/ia-anthropozoologica-2018-flux-continu_en.pdf,NA,0,0,0,0,0,0,0,1,0,0,0,0,0,0,0,1,NA,NA,NA,1,0,0,0,0
47,ANTICANCER RESEARCH,1.937,C,International Institute of Anticancer Research,http://ar.iiarjournals.org/site/misc/ifora.xhtml,NA,0,0,0,0,0,0,0,1,0,0,0,0,0,0,0,1,NA,NA,NA,0,1,0,0,0
48,ANXIETY STRESS AND COPING,2.042,S,Taylor & Francis,https://www.tandfonline.com/action/authorSubmission?show=instructions&journalCode=gasc20#about,NA,0,0,1,0,0,0,0,0,0,0,0,1,0,0,0,0,NA,NA,NA,0,1,0,0,0
49,Applied and Computational Mathematics,1.333,M,Science Publishing Group,http://www.sciencepublishinggroup.com/journal/guideforauthors?journalid=147,http://www.sciencepublishinggroup.com/info/forauthors,0,0,0,0,0,0,0,1,0,0,0,0,0,0,0,1,NA,NA,NA,1,0,0,0,0
50,APPLIED BIOCHEMISTRY AND BIOTECHNOLOGY,1.751,B,Springer,https://www.springer.com/chemistry/biotechnology/journal/12010?detailsPage=pltci_426146,NA,0,0,0,0,0,0,0,1,0,0,0,0,0,0,0,1,NA,NA,NA,0,1,0,0,0
51,APPLIED BIOCHEMISTRY AND MICROBIOLOGY,0.659,B,Springer,http://pleiades.online/en/journal/appbio/ethics/,NA,0,0,0,0,0,0,0,1,0,0,0,0,0,0,0,1,NA,NA,NA,0,1,0,0,0
52,APPLIED ENGINEERING IN AGRICULTURE,0.505,P,American Society of Agricultural and Biological Engineers,https://www.asabe.org/Portals/0/aPubs/GuideForAuthors.pdf?ver=2018-05-09-160038-000,NA,0,0,0,0,0,0,0,1,0,0,0,0,0,0,0,1,NA,NA,NA,0,1,0,0,0
53,APPLIED ERGONOMICS,1.866,S,Elsevier,https://www.elsevier.com/authors/journal-authors/submit-your-paper/sharing-and-promoting-your-article,NA,0,0,1,0,0,0,0,0,0,1,0,1,0,0,0,0,NA,NA,NA,0,1,0,0,1
54,APPLIED MATHEMATICAL MODELLING,2.35,M,Elsevier,https://www.elsevier.com/journals/applied-mathematical-modelling/0307-904x/guide-for-authors,NA,0,0,1,0,0,0,0,0,0,1,0,1,0,0,0,0,NA,NA,NA,0,1,0,0,1
55,APPLIED MATHEMATICS LETTERS,2.233,M,Elsevier,https://www.elsevier.com/about/policies/research-data,NA,0,0,1,0,0,0,0,0,0,1,0,1,0,0,0,0,NA,NA,NA,0,1,0,0,1
56,Applied Mathematics-A Journal of Chinese Universities Series B,0.247,M,Springer,file:///C:/Users/moralesm4/Downloads/11766%20Applied%20Mathematics_318.pdf,NA,0,0,0,0,0,0,0,1,0,0,0,0,0,0,0,1,NA,NA,NA,0,1,0,0,0
57,APPLIED OPTICS,1.65,P,The Optical Society,https://www.osapublishing.org/submit/review/ethics.cfm,https://www.osapublishing.org/ao/submit/style/multimedia.cfm,0,0,0,1,1,0,0,0,0,0,0,1,0,0,0,0,NA,NA,NA,0,1,1,0,0
58,APPLIED SOIL ECOLOGY,2.786,B,Elsevier,https://www.elsevier.com/journals/applied-soil-ecology/0929-1393/guide-for-authors,NA,0,0,1,0,0,0,0,0,0,1,0,1,0,0,0,0,NA,NA,NA,0,1,0,0,1
59,APPLIED VEGETATION SCIENCE,2.474,B,Wiley,https://onlinelibrary.wiley.com/page/journal/1654109x/homepage/forauthors.html,NA,0,1,0,0,0,0,0,0,0,0,0,0,0,0,1,0,NA,NA,NA,0,1,0,0,0
60,Arabian Journal of Geosciences,0.955,P,Springer,https://www.springer.com/earth+sciences+and+geography/journal/12517?detailsPage=pltci_1060692,NA,0,0,1,0,0,0,0,0,0,0,0,1,0,0,0,0,NA,NA,NA,0,1,0,0,0
61,Archives of Agronomy and Soil Science,2.137,B,Taylor & Francis,https://www.tandfonline.com/action/authorSubmission?show=instructions&journalCode=gags20#dsp,NA,0,0,1,0,0,0,0,0,0,0,0,1,0,0,0,0,NA,NA,NA,0,1,0,0,0
62,ARCHIVES OF PSYCHIATRIC NURSING,1.201,C,Elsevier,https://www.psychiatricnursing.org/content/authorinfo#idp1494560,NA,0,0,1,0,0,0,1,0,0,0,0,1,0,0,0,0,NA,NA,NA,0,1,0,0,1
63,ARCHIVES OF SUICIDE RESEARCH,1.901,S,Taylor & Francis,https://www.tandfonline.com/action/authorSubmission?show=instructions&journalCode=usui20,NA,0,0,0,0,0,0,0,1,0,0,0,0,0,0,0,1,NA,NA,NA,0,1,0,0,0
64,Arthropod-Plant Interactions,1.441,B,Springer,https://www.springer.com/life+sciences/entomology/journal/11829?detailsPage=pltci_2095509,NA,0,1,0,0,0,0,0,0,1,0,0,0,0,0,1,0,NA,NA,NA,0,1,0,0,0
65,ASAIO JOURNAL,2.19,C,Celia Braithwait,http://edmgr.ovid.com/asaio/accounts/ifauth.htm,NA,0,0,0,0,0,0,0,1,0,0,0,0,0,0,0,1,NA,NA,NA,0,1,0,0,0
66,Asian and Pacific Migration Journal,0.357,S,Sage,https://us.sagepub.com/en-us/nam/journal/asian-and-pacific-migration-journal#OpenAccess,https://us.sagepub.com/en-us/nam/supplementary-files-on-sage-journals-sj-guidelines-for-authors,0,0,1,0,0,0,0,0,0,1,0,0,0,0,1,0,NA,NA,NA,0,1,0,0,0
67,Asian Women,0.133,S,The Research Institute of Asian Women,http://www.e-asianwomen.org/,NA,0,0,0,0,0,0,0,1,0,0,0,0,0,0,0,1,NA,NA,NA,0,1,0,0,0
68,Asia-Pacific Journal of Chemical Engineering,0.836,P,Wiley,https://authorservices.wiley.com/author-resources/Journal-Authors/licensing-open-access/open-access/data-sharing.html,NA,0,0,0,0,0,0,0,1,0,0,0,0,0,0,0,1,NA,NA,NA,0,1,0,0,0
69,Asia-Pacific Journal of Public Health,0.811,S,Sage,https://us.sagepub.com/en-us/nam/journal/asia-pacific-journal-public-health#submission-guidelines,NA,0,0,0,0,0,0,0,1,0,0,0,0,0,0,0,1,NA,NA,NA,0,1,0,0,0
70,AUSTRALIAN ARCHAEOLOGY,0.961,S,Taylor & Francis,https://www.tandfonline.com/action/authorSubmission?journalCode=raaa20&page=instructions,NA,0,0,0,0,0,0,0,1,0,0,0,0,0,0,0,1,NA,NA,NA,0,1,0,0,0
71,AUSTRALIAN ECONOMIC PAPERS,0.294,S,Wiley,https://onlinelibrary.wiley.com/page/journal/14678454/homepage/ForAuthors.html#editorial,NA,0,0,1,0,0,0,0,0,0,0,0,1,0,0,0,0,NA,NA,NA,0,1,0,0,0
72,Australian Journal of Forensic Sciences,0.778,S,Taylor & Francis,https://www.tandfonline.com/action/authorSubmission?show=instructions&journalCode=tajf20#dsp,NA,0,0,1,0,0,0,0,0,0,0,0,1,0,0,0,0,NA,NA,NA,0,1,0,0,0
73,AUSTRALIAN JOURNAL OF ZOOLOGY,0.766,B,CSIRO Publishing,https://www.publish.csiro.au/zo/PublishingPolicies#index,NA,0,0,0,0,0,0,0,1,0,0,0,0,0,0,0,1,NA,NA,NA,0,1,0,0,0
74,Australian Meteorological and Oceanographic Journal,0.979,B,Australian Meteorological and Oceanographic Society,http://www.bom.gov.au/amm/ammnotes.shtml,NA,0,0,0,0,0,0,0,1,0,0,0,0,0,0,0,1,NA,NA,NA,1,0,0,0,0
75,Balkan Medical Journal,1.083,C,Galenos Publishing House,http://balkanmedicaljournal.org/static.php?id=10,NA,0,0,0,0,0,0,0,1,0,0,0,0,0,0,0,1,NA,NA,NA,1,0,0,0,0
76,Bayesian Analysis,1.464,M,International Society for Bayesian Analysis,https://projecteuclid.org/authors/euclid.ba,NA,0,0,0,0,0,0,0,1,0,0,0,0,0,0,0,1,NA,NA,NA,1,0,0,0,0
77,Behavior Research Methods,3.623,S,Springer,https://www.springer.com/psychology/cognitive+psychology/journal/13428,NA,0,0,0,1,1,0,0,0,0,0,0,0,1,0,0,0,0,0,1,0,1,0,0,0
78,BEHAVIORAL DISORDERS,0.972,C,Sage,https://mc.manuscriptcentral.com/societyimages/bd/AuthorGuidelines_BD_S1_5-18.pdf,NA,0,0,0,0,0,0,0,1,0,0,0,0,0,0,0,1,NA,NA,NA,0,1,0,0,0
79,BEHAVIOUR CHANGE,0.658,C,Cambridge University Press,https://www.cambridge.org/core/services/open-access-policies/social-sharing,https://www.cambridge.org/core/services/aop-file-manager/file/577e8052305e5f6238dd11cc/Cambridge%20Core%20author%20guide%20-%20A%20guide%20to%20publishing%20supplementary%20material.pdf,0,0,0,0,0,0,0,1,0,0,0,0,0,0,0,1,NA,NA,NA,0,1,0,0,0
80,BIOCHEMISTRY AND MOLECULAR BIOLOGY EDUCATION,0.627,B,Wiley,https://iubmb.onlinelibrary.wiley.com/hub/journal/15393429/author-guidelines.html,NA,0,0,0,0,0,0,0,1,0,0,0,0,0,0,0,1,NA,NA,NA,0,1,0,0,0
81,BIOCHIMICA ET BIOPHYSICA ACTA-PROTEINS AND PROTEOMICS,2.773,B,Elsevier,https://www.elsevier.com/journals/bba-proteins-and-proteomics/1570-9639/guide-for-authors,NA,1,0,0,0,0,0,0,0,1,0,0,1,0,0,0,0,NA,NA,NA,0,1,0,0,1
82,Bioinspired Biomimetic and Nanobiomaterials,0.787,B,Institution of Civil Engineers,https://www.icevirtuallibrary.com/page/authors/preparing-your-manuscript/guidelines-engineering,NA,0,0,0,0,0,0,0,1,0,0,0,0,0,0,0,1,NA,NA,NA,0,1,0,0,0
83,BIOMARKERS,2.006,B,Taylor & Francis,https://www.tandfonline.com/action/authorSubmission?journalCode=ibmk20&page=instructions#dsp,NA,0,0,1,0,0,0,0,0,0,0,0,1,0,0,0,0,NA,NA,NA,0,1,0,0,0
84,Biomedical Signal Processing and Control,2.214,B,Elsevier,https://www.elsevier.com/journals/biomedical-signal-processing-and-control/1746-8094/guide-for-authors,NA,0,0,1,0,0,0,0,0,0,1,0,1,0,0,0,0,NA,NA,NA,0,1,0,0,1
85,BIOMETRICAL JOURNAL,1.075,M,Wiley,https://wol-prod-cdn.literatumonline.com/pb-assets/assets/15214036/Instructions_to_Authors2__revised_October_2015_-1509621637000.pdf,NA,0,0,1,0,0,0,0,0,0,1,0,0,1,0,0,0,0,0,1,0,1,0,0,1
86,BIOMETRICS,1.329,M,Wiley,http://www.biometrics.tibs.org/,NA,0,0,1,0,0,0,0,0,0,1,0,1,0,0,0,0,NA,NA,NA,0,1,0,0,0
87,BIOORGANIC & MEDICINAL CHEMISTRY,2.93,B,Elsevier,https://www.elsevier.com/journals/bioorganic-and-medicinal-chemistry/0968-0896/guide-for-authors,NA,0,1,0,0,0,0,0,0,1,1,0,1,0,0,0,0,NA,NA,NA,0,1,0,0,1
88,BIOPHYSICAL CHEMISTRY,2.402,P,Elsevier,https://www.elsevier.com/journals/biophysical-chemistry/0301-4622/guide-for-authors,NA,0,0,1,0,0,0,0,0,0,1,0,1,0,0,0,0,NA,NA,NA,0,1,0,0,1
89,Biopreservation and Biobanking,1.698,B,"Mary Ann Liebert, Inc.",https://home.liebertpub.com/publications/biopreservation-and-biobanking/110/for-authors,NA,0,0,1,0,0,0,0,0,0,0,0,1,0,0,0,0,NA,NA,NA,0,1,0,0,0
90,BIOSTATISTICS,1.798,M,Oxford University Press,https://academic.oup.com/biostatistics/pages/General_Instructions,NA,0,0,1,0,0,0,1,0,0,0,0,0,0,0,1,0,NA,NA,NA,0,1,0,0,1
91,Biotechnology for Biofuels,5.203,B,BioMed Central (BMC),https://www.biomedcentral.com/getpublished/editorial-policies#availability+of+data+and+materials,NA,0,1,0,0,0,0,0,0,1,1,1,0,0,0,1,0,NA,NA,NA,1,0,0,0,0
92,BJU INTERNATIONAL,4.439,C,Wiley,https://onlinelibrary.wiley.com/page/journal/1464410x/homepage/ForAuthors.html,NA,0,0,1,0,0,0,0,0,1,0,1,1,0,0,0,0,NA,NA,NA,0,1,0,0,0
93,BMC HEALTH SERVICES RESEARCH,1.827,C,BioMed Central (BMC),https://www.biomedcentral.com/getpublished/editorial-policies#availability+of+data+and+materials,NA,0,1,0,0,0,0,0,0,1,1,1,0,0,0,1,0,NA,NA,NA,1,0,0,0,0
94,BMC Medical Education,1.572,S,BioMed Central (BMC),https://www.biomedcentral.com/getpublished/editorial-policies#availability+of+data+and+materials,NA,0,1,0,0,0,0,0,0,1,1,1,0,0,0,1,0,NA,NA,NA,1,0,0,0,1
95,BMC Nephrology,2.289,C,BioMed Central (BMC),https://www.biomedcentral.com/getpublished/editorial-policies#availability+of+data+and+materials,NA,0,1,0,0,0,0,0,0,1,1,1,0,0,0,1,0,NA,NA,NA,1,0,0,0,1
97,Boletin de la Sociedad Geologica Mexicana,0.582,P,?,http://boletinsgm.igeolcu.unam.mx/bsgm/index.php/instrucciones-instructions#english,http://boletinsgm.igeolcu.unam.mx/bsgm/index.php/el-boletin-the-boletin,0,0,0,0,0,0,0,1,0,0,0,0,0,0,0,1,NA,NA,NA,1,0,0,0,0
98,BOREAS,2.348,P,Wiley,https://onlinelibrary.wiley.com/page/journal/15023885/homepage/forauthors.html,NA,0,1,0,0,0,0,0,0,0,0,0,0,0,0,1,0,NA,NA,NA,0,1,0,0,1
99,Botanical Sciences,0.496,P,Sociedad BotÃ¡nica de MÃ©xico,http://www.botanicalsciences.com.mx/index.php/botanicalSciences/pages/view/instrucciones-autor,NA,0,0,0,0,0,0,0,1,0,0,0,0,0,0,0,1,NA,NA,NA,0,1,0,0,0
100,BOTHALIA,0.368,B,AOSIS,https://abcjournal.org/index.php/abc/pages/view/submission-guidelines#part_1,https://abcjournal.org/index.php/abc/pages/view/publication-fees,0,0,0,0,0,0,0,1,0,0,0,0,0,0,0,1,NA,NA,NA,1,0,0,0,0
101,BRAIN BEHAVIOR AND EVOLUTION,1.915,C,Karger,https://www.karger.com/Journal/Guidelines/223831#15,NA,0,0,0,0,0,0,0,1,0,0,0,0,0,0,0,1,NA,NA,NA,0,1,0,0,0
102,Brain Stimulation,6.078,C,Elsevier,https://www.brainstimjrnl.com/content/authorinfo#idp1556432,NA,0,0,1,0,0,0,0,0,0,1,0,1,0,0,0,0,NA,NA,NA,0,1,0,0,1
103,Brazilian Journal of Infectious Diseases,1.468,C,Elsevier,https://www.elsevier.com/journals/brazilian-journal-of-infectious-diseases/1413-8670/guide-for-authors,NA,0,0,1,0,0,0,0,0,0,1,0,1,0,0,0,0,NA,NA,NA,1,0,0,0,1
104,Britain and the World,0.136,S,Edinburgh University Press,https://www.euppublishing.com/page/brw/submissions,NA,0,0,0,0,1,0,0,0,0,0,0,1,0,0,0,0,NA,NA,NA,1,0,0,0,0
105,BRITISH EDUCATIONAL RESEARCH JOURNAL,1.214,S,Wiley,https://wol-prod-cdn.literatumonline.com/pb-assets/assets/14693518/Supplementary_Materials-1509473597000.pdf,NA,0,0,1,1,0,0,0,0,0,0,0,0,1,0,0,0,0,0,1,0,1,0,0,0
106,BRITISH JOURNAL OF DEVELOPMENTAL PSYCHOLOGY,1.712,S,Wiley,https://onlinelibrary.wiley.com/page/journal/2044835x/homepage/forauthors.html,NA,0,0,1,0,0,0,0,0,0,0,0,1,0,0,0,0,NA,NA,NA,0,1,0,0,0
107,British Politics,0.569,S,Springer / Palgrave Macmillan,https://www.palgrave.com/gp/journal/41293/authors/open-access-self-archiving,NA,0,0,0,0,0,0,0,1,0,0,0,0,0,0,0,1,NA,NA,NA,0,1,0,0,0
109,Building Services Engineering Research & Technology,0.67,P,Sage,https://us.sagepub.com/en-us/nam/journal/building-services-engineering-research-and-technology#PublishingPolicies,NA,0,0,1,0,0,0,0,0,0,1,0,0,0,0,1,0,NA,NA,NA,0,1,0,0,0
111,BULLETIN OF THE KOREAN CHEMICAL SOCIETY,0.602,P,Wiley,https://onlinelibrary.wiley.com/page/journal/12295949/homepage/2762_notice.html,NA,0,1,0,0,0,0,0,0,0,0,0,1,0,0,0,0,NA,NA,NA,0,1,0,0,0
112,CANADIAN JOURNAL OF PLANT SCIENCE,0.868,B,Canadian Science Publishing,http://www.nrcresearchpress.com/page/cjps/authors,http://www.nrcresearchpress.com/page/about/policies/pub#Authors,0,0,0,0,0,0,0,1,0,0,0,0,0,0,0,1,NA,NA,NA,0,1,0,0,0
113,CANADIAN JOURNAL OF REMOTE SENSING,1.838,P,Taylor & Francis,https://www.tandfonline.com/action/authorSubmission?show=instructions&journalCode=ujrs20#dsp,NA,0,0,1,0,0,0,0,0,0,0,0,1,0,0,0,0,NA,NA,NA,0,1,0,0,0
114,CANADIAN JOURNAL OF SOIL SCIENCE,1.59,B,Canadian Science Publishing,http://www.nrcresearchpress.com/page/open-access/options,http://www.nrcresearchpress.com/page/cjss/authors,0,0,0,0,0,0,0,1,0,0,0,0,0,0,0,1,NA,NA,NA,0,1,0,0,0
115,CANADIAN MATHEMATICAL BULLETIN-BULLETIN CANADIEN DE MATHEMATIQUES,0.486,M,Cambridge University Press,https://cms.math.ca/cmb/authors,NA,0,0,0,0,0,0,0,1,0,0,0,0,0,0,0,1,NA,NA,NA,0,1,0,0,0
116,CANCER CELL,27.407,C,Elsevier,https://www.cell.com/cancer-cell/authors,NA,1,0,0,1,0,0,0,0,1,0,0,1,0,0,0,0,NA,NA,NA,0,1,0,0,1
117,CARTOGRAPHIC JOURNAL,0.772,S,Taylor & Francis,https://www.tandfonline.com/action/authorSubmission?show=instructions&journalCode=ycaj20,NA,0,0,0,0,0,0,0,1,0,0,0,0,0,0,0,1,NA,NA,NA,0,1,0,0,0
118,CELL AND TISSUE RESEARCH,2.787,B,Springer Berlin Heidelberg,file:///C:/Users/moralesm4/Downloads/CTR%20Instructions%20for%20authors%202016.pdf,NA,0,0,0,0,0,0,0,1,0,0,0,0,0,0,0,1,NA,NA,NA,0,1,0,0,0
119,CELL BIOLOGY INTERNATIONAL,1.831,B,Wiley ,https://onlinelibrary.wiley.com/page/journal/10958355/homepage/ForAuthors.html,NA,1,0,0,0,0,0,0,0,1,0,0,1,0,0,0,0,NA,NA,NA,0,1,0,0,0
120,Cell Journal,1.636,B,Cell Press,https://www.cell.com/cell/authors,NA,1,0,0,1,0,0,0,0,1,0,0,0,0,0,1,0,NA,NA,NA,0,1,0,0,0
121,CHAOS SOLITONS & FRACTALS,1.455,M,Elsevier,https://www.elsevier.com/journals/chaos-solitons-and-fractals/0960-0779/guide-for-authors,NA,0,0,1,0,0,0,0,0,0,1,0,1,0,0,0,0,NA,NA,NA,0,1,0,0,1
122,ChemElectroChem,4.136,P,Wiley / ChemPubSoc Europe,https://onlinelibrary.wiley.com/page/journal/21960216/homepage/notice-to-authors,NA,0,0,0,0,0,0,0,1,0,0,0,0,0,0,0,1,NA,NA,NA,0,1,0,0,0
123,CHEMICAL ENGINEERING RESEARCH & DESIGN,2.538,P,Elsevier,https://www.elsevier.com/journals/chemical-engineering-research-and-design/0263-8762/guide-for-authors,NA,0,0,1,0,0,0,0,0,0,1,0,1,0,0,0,0,NA,NA,NA,0,1,0,0,1
124,CHEMICAL VAPOR DEPOSITION,1.333,P,Wiley,https://onlinelibrary.wiley.com/pb-assets/assets/21967350/2706_Guide_for_Authors.pdf,NA,0,1,0,0,0,0,0,0,1,0,0,1,0,0,0,0,NA,NA,NA,0,1,0,0,0
125,China Communications,0.903,P,IEEE,http://ieeeauthorcenter.ieee.org/publish-with-ieee/author-education-resources/guidelines-and-policies/,NA,0,0,0,0,0,0,0,1,0,0,0,0,0,0,0,1,NA,NA,NA,0,1,0,0,0
126,CHINESE ANNALS OF MATHEMATICS SERIES B,0.362,M,Springer Science+Business Media,file:///C:/Users/moralesm4/Downloads/11401_IFA.pdf,NA,0,0,0,0,0,0,0,1,0,0,0,0,0,0,0,1,NA,NA,NA,0,1,0,0,0
127,Chinese Journal of International Law,0.857,S,Chinese Society of International Law / Oxford University Press,https://academic.oup.com/chinesejil/pages/General_Instructions,NA,0,0,0,0,0,0,0,1,0,0,0,0,0,0,0,1,NA,NA,NA,0,1,0,0,0
128,CHINESE PHYSICS LETTERS,0.8,P,Chinese Physical Society,http://iopscience.iop.org/journal/0256-307X/page/Guidelines_for_authors,NA,0,0,0,0,0,0,0,1,0,0,0,0,0,0,0,1,NA,NA,NA,0,1,0,0,0
129,CIENCIAS MARINAS,0.689,B,Universidad AutoÌnoma de Baja California,http://www.cienciasmarinas.com.mx/index.php/cmarinas/about/submissions,http://www.cienciasmarinas.com.mx/index.php/cmarinas/about,0,0,0,0,0,0,0,1,0,0,0,0,0,0,0,1,NA,NA,NA,1,0,0,0,0
130,Circulation-Cardiovascular Interventions,6.598,C,American Heart Association,http://circinterventions.ahajournals.org/content/journal-policies,NA,0,1,0,0,0,0,0,0,1,1,0,0,0,0,1,0,NA,NA,NA,0,1,0,0,1
131,CLIMATIC CHANGE,3.496,P,Springer Science+Business Media,https://www.springer.com/earth+sciences+and+geography/atmospheric+sciences/journal/10584,NA,0,0,1,0,0,0,0,0,0,0,0,1,0,0,0,0,NA,NA,NA,0,1,0,0,0
132,Clinical and Translational Allergy,3.239,C,BioMed Central(BMC),https://www.biomedcentral.com/getpublished/editorial-policies#availability+of+data+and+materials,NA,0,1,0,0,0,0,0,0,1,1,1,0,0,0,1,0,NA,NA,NA,0,1,0,0,1
133,Clinical Child Psychology and Psychiatry,1.145,C,Sage,https://us.sagepub.com/en-us/nam/journal/clinical-child-psychology-and-psychiatry#OpenAccess,NA,0,0,0,0,0,0,0,1,0,0,0,0,0,0,0,1,NA,NA,NA,0,1,0,0,0
134,CLINICAL EEG AND NEUROSCIENCE,2.163,C,Sage,https://us.sagepub.com/en-us/nam/clinical-eeg-and-neuroscience/journal202106#_2._Editorial_policies,NA,0,0,0,0,0,0,0,1,0,0,0,0,0,0,0,1,NA,NA,NA,0,1,0,0,0
135,CLINICAL INFECTIOUS DISEASES,8.216,B,Oxford University Press,https://academic.oup.com/cid/pages/Policies#Deposition%20of%20sequence%20and%20microarray%20data,NA,0,1,0,0,0,1,0,0,1,0,0,1,0,0,0,0,NA,NA,NA,0,1,0,0,0
136,Clinical Lipidology,0.54,B,Elsevier,https://www.lipidjournal.com/content/authorinfo#idp1546784,NA,0,0,1,0,0,0,0,0,0,1,0,1,0,0,0,0,NA,NA,NA,0,1,0,0,1
137,Clinics in Liver Disease,3.4,C,Elsevier,https://www.theclinics.com/authorinformation#Authorship,NA,0,0,0,0,0,0,0,1,0,0,0,0,0,0,0,1,NA,NA,NA,0,1,0,0,0
138,CMC-Computers Materials & Continua,0.339,M,Tech Science Press,http://www.techscience.com/cmc/auth_instru.html,NA,0,0,0,0,0,0,0,1,0,0,0,0,0,0,0,1,NA,NA,NA,0,1,0,0,0
139,COLLOID JOURNAL,0.859,P,Pleiades Publishing,file:///C:/Users/moralesm4/Downloads/guid%20(1).pdf  ,NA,0,0,0,0,0,0,0,1,0,0,0,0,0,0,0,1,NA,NA,NA,0,1,0,0,0
140,Communications in Mathematical Sciences,1.425,M,International Press,http://intlpress.com/site/pub/pages/journals/items/cms/_home/submissions/index.html ,NA,0,0,0,0,0,0,0,1,0,0,0,0,0,0,0,1,NA,NA,NA,0,1,0,0,0
141,COMPEL-THE INTERNATIONAL JOURNAL FOR COMPUTATION AND MATHEMATICS IN ELECTRICAL AND ELECTRONIC ENGINEERING,0.487,M,Emerald,http://emeraldgrouppublishing.com/products/journals/author_guidelines.htm?id=compel#7 ,NA,0,0,1,0,0,0,0,0,0,0,0,1,0,0,0,0,NA,NA,NA,1,0,0,0,1
142,COMPUTATIONAL INTELLIGENCE,0.964,M,Wiley,https://onlinelibrary.wiley.com/page/journal/14678640/homepage/ForAuthors.html ,NA,0,0,1,0,0,0,0,0,0,0,0,1,0,0,0,0,NA,NA,NA,0,1,0,0,0
143,Computational Methods and Function Theory,0.455,M,Springer Berlin Heidelberg,https://www.springer.com/mathematics/analysis/journal/40315 ,NA,0,0,1,0,0,0,0,0,0,0,0,1,0,0,0,0,NA,NA,NA,0,1,0,0,0
144,COMPUTER LANGUAGES SYSTEMS & STRUCTURES,1.615,M,Elsevier,https://www.elsevier.com/journals/computer-languages-systems-and-structures/1477-8424/guide-for-authors ,NA,0,0,1,0,0,0,0,0,0,1,0,1,0,0,0,0,NA,NA,NA,0,1,0,0,1
145,COMPUTER PHYSICS COMMUNICATIONS,3.936,M,Â Elsevier,https://www.elsevier.com/journals/computer-physics-communications/0010-4655/guide-for-authors ,NA,0,0,1,0,0,0,0,0,0,1,0,1,0,0,0,0,NA,NA,NA,0,1,0,0,1
146,COMPUTER SYSTEMS SCIENCE AND ENGINEERING,0.348,M,CRL Publishing,http://www.crlpublishing.co.uk/journal.asp?j=csse&s=Notes%20for%20Authors ,NA,0,0,0,0,0,0,0,1,0,0,0,0,0,0,0,1,NA,NA,NA,0,1,0,0,0
147,COMPUTERS & EDUCATION,3.819,M,Elsevier,https://www.elsevier.com/journals/computers-and-education/0360-1315/guide-for-authors#87500 ,NA,0,0,1,0,0,0,1,0,0,0,0,1,0,0,0,0,NA,NA,NA,0,1,0,0,1
148,COMPUTERS & INDUSTRIAL ENGINEERING,2.623,M,Elsevier,https://www.elsevier.com/journals/computers-and-industrial-engineering/0360-8352/guide-for-authors ,NA,0,0,1,0,0,0,0,0,0,1,0,1,0,0,0,0,NA,NA,NA,0,1,0,0,1
149,CONCURRENT ENGINEERING-RESEARCH AND APPLICATIONS,1,M,Sage,https://us.sagepub.com/en-us/nam/journal/concurrent-engineering#ReportingGuidelines ,NA,0,0,0,0,0,0,0,1,0,0,0,0,0,0,0,1,NA,NA,NA,0,1,0,0,0
150,CONGENITAL ANOMALIES,1.537,C,Wiley,https://onlinelibrary.wiley.com/page/journal/17414520/homepage/ForAuthors.html,NA,0,0,1,0,0,1,0,0,1,0,0,1,0,0,0,0,NA,NA,NA,0,1,0,0,0
151,CONSCIOUSNESS AND COGNITION,2.144,C,Elsevier,https://www.elsevier.com/journals/consciousness-and-cognition/1053-8100/guide-for-authors ,NA,0,0,1,0,0,0,0,0,0,1,0,1,0,0,0,0,NA,NA,NA,0,1,0,0,1
152,Contemporary European History,0.406,S,Cambridge University PressÂ ,https://www.cambridge.org/core/journals/contemporary-european-history/information/instructions-contributors ,NA,0,0,0,0,0,0,0,1,0,0,0,0,0,0,0,1,NA,NA,NA,0,1,0,0,0
153,Contemporary Politics,0.571,S,Taylor and Francis,https://www.tandfonline.com/action/authorSubmission?journalCode=ccpo20&page=instructions#dsp,NA,0,0,1,0,0,0,0,0,0,0,0,1,0,0,0,0,NA,NA,NA,0,1,0,0,0
154,Control Engineering and Applied Informatics,0.695,P,Romanian Society of Control Engineering and Technical Informatics,http://www.ceai.srait.ro/index.php?journal=ceai&page=about&op=editorialPolicies#sectionPolicies,NA,0,0,0,0,0,0,0,1,0,0,0,0,0,0,0,1,NA,NA,NA,1,0,0,0,0
155,CRIMINAL JUSTICE AND BEHAVIOR,2.099,C,International Association for Correctional and Forensic Psychology,https://us.sagepub.com/en-us/nam/journal/criminal-justice-and-behavior#submission-guidelines,NA,0,0,0,0,0,0,0,1,0,0,0,0,0,0,0,1,NA,NA,NA,0,1,0,0,0
156,Critical Perspectives on Accounting,1.5,S,Elsevier,https://www.elsevier.com/journals/critical-perspectives-on-accounting/1045-2354/guide-for-authors,NA,0,0,1,0,0,0,0,0,0,1,0,1,0,0,0,0,NA,NA,NA,0,1,0,0,1
157,CRITICAL SOCIAL POLICY,1.294,S,Sage,https://us.sagepub.com/en-us/nam/journal/critical-social-policy#EditorialPolicies,NA,0,0,0,0,0,0,0,1,0,0,0,0,0,0,0,1,NA,NA,NA,0,1,0,0,0
158,CRYPTOGAMIE MYCOLOGIE,1.982,B,Association des Amis des Cryptogames,http://www.cryptogamie.com/pagint_en/instructions/instructions_authors.pdf,NA,0,1,0,0,0,1,0,0,1,0,0,1,0,0,0,0,NA,NA,NA,0,1,0,0,0
159,CRYSTAL RESEARCH AND TECHNOLOGY,1,P,Wiley,https://wol-prod-cdn.literatumonline.com/pb-assets/assets/15214079/CRAT_Guide_for_Authors-1510016398000.pdf,https://onlinelibrary.wiley.com/page/journal/15214079/homepage/2223_onlineopen.html,0,0,0,0,0,0,0,1,0,0,0,0,0,0,0,1,NA,NA,NA,0,1,0,0,0
160,CULTURAL GEOGRAPHIES,2.365,B,Sage,https://us.sagepub.com/en-us/nam/journal/cultural-geographies#EditorialPolicies,NA,0,0,0,0,0,0,0,1,0,0,0,0,0,0,0,1,NA,NA,NA,0,1,0,0,0
161,CURRENT OPINION IN COLLOID & INTERFACE SCIENCE,6.136,P,Elsevier,https://www.elsevier.com/journals/current-opinion-in-colloid-and-interface-science/1359-0294/guide-for-authors,NA,0,0,0,0,0,0,0,1,0,0,0,0,0,0,0,1,NA,NA,NA,0,1,0,0,0
162,CURRENT OPINION IN OBSTETRICS & GYNECOLOGY,2.416,C,"Lippincott, Williams & Wilkins",http://edmgr.ovid.com/coog/accounts/ifauth.htm,NA,0,0,0,0,0,0,0,1,0,0,0,0,0,0,0,1,NA,NA,NA,0,1,0,0,0
163,Current Zoology,2.181,B,Oxford University Press,https://academic.oup.com/journals/pages/access_purchase/rights_and_permissions/self_archiving_policy_f,NA,0,0,0,0,0,0,0,1,0,0,0,0,0,0,0,1,NA,NA,NA,1,0,0,0,0
164,Cutaneous and Ocular Toxicology,1.213,C,Taylor and Francis Group,https://www.tandfonline.com/action/authorSubmission?show=instructions&journalCode=icot20#trials,NA,0,0,1,0,0,0,0,0,0,0,0,1,0,0,0,0,NA,NA,NA,0,1,0,0,0
165,DEPRESSION AND ANXIETY,4.971,S,Wiley-Blackwell,https://onlinelibrary.wiley.com/page/journal/15206394/homepage/forauthors.html#_5._EDITORIAL_POLICIES,NA,0,0,1,0,0,1,0,0,1,0,0,1,0,0,0,0,NA,NA,NA,0,1,0,0,1
166,DESIGN AUTOMATION FOR EMBEDDED SYSTEMS,0.516,M,Springer US,https://www.springer.com/engineering/electronics/journal/10617?detailsPage=pltci_1060717,NA,0,0,1,0,0,0,0,0,0,0,0,1,0,0,0,0,NA,NA,NA,0,1,0,0,0
167,DIABETIC MEDICINE,3.054,C,Wiley,https://onlinelibrary.wiley.com/page/journal/14645491/homepage/forauthors.html,NA,0,0,1,1,0,0,0,0,0,0,0,1,0,0,0,0,NA,NA,NA,0,1,0,0,0
169,Digital Investigation,1.774,M,Elsevier,https://www.elsevier.com/journals/digital-investigation/1742-2876/guide-for-authors,NA,0,0,1,0,0,0,1,0,0,0,0,1,0,0,0,0,NA,NA,NA,0,1,0,0,1
170,DISCOURSE STUDIES,0.833,M,sage,https://us.sagepub.com/en-us/nam/journal/discourse-studies#submission-guidelines,NA,0,0,0,0,0,0,0,1,0,0,0,0,0,0,0,1,NA,NA,NA,0,1,0,0,0
173,DNA REPAIR,3.61,C,Elsevier,https://www.elsevier.com/journals/dna-repair/1568-7864/guide-for-authors,NA,0,0,1,0,0,0,0,0,0,1,0,1,0,0,0,0,NA,NA,NA,0,1,0,0,1
174,Doklady Biochemistry and Biophysics,0.471,B,Pleiades Publishing,http://pleiades.online/en/journal/danbcbp/authors-instructions/,NA,0,0,0,0,0,0,0,1,0,0,0,0,0,0,0,1,NA,NA,NA,0,1,0,0,0
175,DRUG AND ALCOHOL DEPENDENCE,3.222,C,Elsevier,https://www.elsevier.com/journals/drug-and-alcohol-dependence/0376-8716/guide-for-authors,NA,0,0,1,0,0,0,0,0,0,1,0,1,0,0,0,0,NA,NA,NA,0,1,0,0,1
176,Dyna,0.541,P,Universidad Nacional de Colombia,http://www.scielo.org.co/revistas/dyna/iinstruc.htm,NA,0,0,0,0,0,0,0,1,0,0,0,0,0,0,0,1,NA,NA,NA,0,1,0,0,0
177,EARTH MOON AND PLANETS,0.875,P,Springer Netherlands,https://www.springer.com/astronomy/astrophysics+and+astroparticles/journal/11038?detailsPage=pltci_1883218,NA,0,0,1,0,0,0,0,0,0,0,0,1,0,0,0,0,NA,NA,NA,0,1,0,0,0
178,EARTH SCIENCES HISTORY,0.147,S,History of Earth Sciences Society,http://earthscienceshistory.org/userimages/ContentEditor/1428611582735/Author%20Guidelines.pdf?code=hess-site,NA,0,0,0,0,0,0,0,1,0,0,0,0,0,0,0,1,NA,NA,NA,0,1,0,0,0
179,ECOLOGICAL ECONOMICS,2.965,B,Elsevier,https://www.elsevier.com/journals/ecological-economics/0921-8009/guide-for-authors,NA,0,0,1,0,0,0,0,0,0,1,0,1,0,0,0,0,NA,NA,NA,0,1,0,0,1
180,Econometric Reviews,1.333,M,Taylor and Francis,https://www.tandfonline.com/action/authorSubmission?journalCode=lecr20&page=instructions,NA,0,0,0,0,0,0,0,1,0,0,0,0,0,0,0,1,NA,NA,NA,0,1,0,0,0
181,Econometrics Journal,0.513,M,Wiley,http://www.res.org.uk/view/econometricsReplication.html,NA,1,0,0,0,0,0,1,0,0,1,0,0,1,0,0,0,0,0,1,0,1,1,0,1
182,ECONOMIC INQUIRY,0.922,S,Wiley blackwell ,http://www.weai.org/Submission-Instructions,NA,0,0,0,0,0,0,0,1,0,0,0,0,0,0,0,1,NA,NA,NA,0,1,0,0,0
183,EDUCATIONAL POLICY,1.03,S,sage ,https://uk.sagepub.com/sites/default/files/author_archiving_policies_and_re-use.pdf,NA,0,0,0,0,0,0,0,1,0,0,0,0,0,0,0,1,NA,NA,NA,0,1,0,0,0
184,EDUCATIONAL STUDIES,0.581,S,Taylor and Francis,https://www.tandfonline.com/action/authorSubmission?journalCode=ceds20&page=instructions,NA,0,0,1,0,0,0,0,0,0,0,0,1,0,0,0,0,NA,NA,NA,0,1,0,0,0
185,EDUCATIONAL TECHNOLOGY & SOCIETY,1.584,S,"National Taiwan Normal University, Taiwan",https://www.j-ets.net/ETS/guide.html ,NA,0,0,0,0,0,0,0,1,0,0,0,0,0,0,0,1,NA,NA,NA,1,0,0,0,0
186,EMERGENCY MEDICINE JOURNAL,1.861,C,BJM,https://authors.bmj.com/policies/data-sharing/ ,NA,0,0,1,0,0,0,0,0,0,0,0,1,0,0,0,0,NA,NA,NA,0,1,0,0,0
187,Emirates Journal of Food and Agriculture,0.494,B,"College of FoodÂ and Agriculture,Â United Arab Emirates University",https://www.ejmanager.com/my/ejfa/submit.php?isl=gfa&lng=,NA,0,0,0,0,0,0,0,1,0,0,0,0,0,0,0,1,NA,NA,NA,1,0,0,0,0
188,Endocrine Practice,2.347,C,"AACECORP, INC",https://www.aace.com/files/info-for-authors.pdf,NA,0,0,0,0,0,0,0,1,0,0,0,0,0,0,0,1,NA,NA,NA,0,1,0,0,0
189,Energy & Environmental Science,29.518,B, Royal Society of Chemistry,http://www.rsc.org/journals-books-databases/journal-authors-reviewers/prepare-your-article/experimental-data/,NA,0,0,1,0,0,1,0,0,1,0,0,1,0,0,0,0,NA,NA,NA,0,1,0,0,1
190,Energy Technology,2.789,P,wiley  ,https://onlinelibrary.wiley.com/page/journal/21944296/homepage/2198_guidelines.html,NA,0,0,1,1,0,0,0,0,0,0,0,1,0,0,0,0,NA,NA,NA,0,1,0,0,0
191,ENGINEERING APPLICATIONS OF ARTIFICIAL INTELLIGENCE,2.894,M,Elsevier,https://www.elsevier.com/journals/engineering-applications-of-artificial-intelligence/0952-1976/guide-for-authors ,NA,0,0,1,0,0,0,0,0,0,1,0,1,0,0,0,0,NA,NA,NA,0,1,0,0,1
192,ENVIRONMENT AND HISTORY,0.659,B,The White Horse Press,http://www.whpress.co.uk/EH/EHinst.html ,NA,0,0,0,0,0,0,0,1,0,0,0,0,0,0,0,1,NA,NA,NA,0,1,0,0,0
193,ENVIRONMENTAL & RESOURCE ECONOMICS,1.582,B,Springer Netherlands,https://www.springer.com/economics/environmental/journal/10640,NA,0,0,0,0,0,0,0,1,0,0,0,0,0,0,0,1,NA,NA,NA,0,1,0,0,0
194,ENVIRONMENTAL GEOCHEMISTRY AND HEALTH,2.616,P,Springer Netherlands,https://www.springer.com/environment/environmental+health+-+public+health/journal/10653?detailsPage=pltci_2042607,NA,0,0,1,0,0,0,0,0,0,0,0,1,0,0,0,0,NA,NA,NA,0,1,0,0,0
195,ENVIRONMENTAL POLITICS,1.922,B,Taylor and Francis,https://www.tandfonline.com/action/authorSubmission?journalCode=fenp20&page=instructions#dsp ,NA,0,0,1,0,0,0,0,0,0,0,0,1,0,0,0,0,NA,NA,NA,0,1,0,0,0
196,Environmental Progress & Sustainable Energy,1.672,P,Wiley,https://onlinelibrary.wiley.com/page/journal/19447450/homepage/forauthors.html,NA,0,0,0,0,0,0,0,1,0,0,0,0,0,0,0,1,NA,NA,NA,0,1,0,0,0
197,ENVIRONMENTAL RESEARCH,3.835,B,Elsevier,https://www.elsevier.com/journals/environmental-research/0013-9351/guide-for-authors,NA,0,0,0,0,1,0,0,0,0,0,0,0,0,0,0,1,NA,NA,NA,0,1,0,0,0
198,Environmental Science-Processes & Impacts,2.592,P,Â Royal Society of ChemistryÂ ,http://www.rsc.org/journals-books-databases/journal-authors-reviewers/prepare-your-article/experimental-data/,NA,0,0,1,0,0,1,0,0,1,0,0,1,0,0,0,0,NA,NA,NA,0,1,0,0,1
199,EPIDEMIOLOGY,5.986,C,"Lippincott, Williams & Wilkins",http://edmgr.ovid.com/epid/accounts/ifauth.htm,NA,0,0,1,0,0,0,0,0,0,1,0,0,0,0,0,1,NA,NA,NA,0,1,0,0,1
200,EURASIP Journal on Audio Speech and Music Processing,1.579,P,SpringerOpen,https://asmp-eurasipjournals.springeropen.com/submission-guidelines/editorial-policies,NA,0,0,1,0,0,0,0,0,1,1,1,0,0,0,1,0,NA,NA,NA,1,0,0,0,1
201,EUROPEAN JOURNAL OF AGRONOMY,3.757,B,Elsevier,https://www.elsevier.com/journals/european-journal-of-agronomy/1161-0301/guide-for-authors,NA,0,0,1,0,0,0,0,0,0,0,0,1,0,0,0,0,NA,NA,NA,0,1,0,0,1
202,EUROPEAN JOURNAL OF CANCER,6.029,C,Elsevier,https://www.elsevier.com/journals/european-journal-of-cancer/0959-8049/guide-for-authors,NA,0,0,1,0,0,0,0,0,1,1,0,0,0,0,1,0,NA,NA,NA,0,1,0,0,1
203,EUROPEAN JOURNAL OF COMMUNICATION,1.408,S,sage ,https://us.sagepub.com/en-us/nam/journal/european-journal-communication#submission-guidelines,NA,0,0,0,0,1,0,0,0,0,0,0,0,1,0,0,0,0,0,1,0,1,0,0,0
204,EUROPEAN JOURNAL OF MARKETING,1.333,S,Emerald Publishing,http://www.emeraldgrouppublishing.com/products/journals/author_guidelines.htm?id=ejm ,NA,0,0,1,0,0,0,0,0,0,1,0,1,0,0,0,0,NA,NA,NA,0,1,0,0,0
205,European Law Review,0.31,S,Â Sweet & Maxwell,http://www.sweetandmaxwell.co.uk/Catalogue/ProductDetails.aspx?recordid=427&productid=6968 ,NA,0,0,0,0,0,0,0,1,0,0,0,0,0,0,0,1,NA,NA,NA,0,1,0,0,0
206,EUROPEAN PLANNING STUDIES,1.332,S,Taylor and Francis,https://www.tandfonline.com/action/authorSubmission?show=instructions&journalCode=ceps20#dsp ,NA,0,0,1,0,0,0,0,0,0,0,0,1,0,0,0,0,NA,NA,NA,0,1,0,0,0
208,Evolutionary Bioinformatics,1.5,M,Sage,https://us.sagepub.com/en-us/nam/evolutionary-bioinformatics/journal202656#submission-guidelines ,NA,0,0,0,1,1,0,0,0,0,0,0,0,1,0,0,0,0,0,1,0,1,0,0,0
209,EXCLI Journal,1.462,B,Â IfADo - Leibniz Research Centre for Working Environment and Human Factors,http://www.excli.de/instructions_to_authors.php,NA,1,0,0,0,0,0,0,0,0,0,0,0,0,1,0,0,NA,NA,NA,1,0,0,0,1
210,EXPERIMENTAL MATHEMATICS,0.538,M,Taylor & Francis,https://www.tandfonline.com/action/authorSubmission?show=instructions&journalCode=uexm20 ,NA,0,0,0,0,0,0,0,1,0,0,0,0,0,0,0,1,NA,NA,NA,0,1,0,0,0
211,EXPERT OPINION ON PHARMACOTHERAPY,3.894,C,Taylor & Francis,https://www.tandfonline.com/action/authorSubmission?show=instructions&journalCode=ieop20 ,NA,0,0,1,0,0,0,0,0,0,0,0,1,0,0,0,0,NA,NA,NA,0,1,0,0,0
212,EXPERT SYSTEMS WITH APPLICATIONS,3.928,P,Elsevier,https://www.elsevier.com/journals/expert-systems-with-applications/0957-4174/guide-for-authors,NA,0,0,1,0,0,0,0,0,0,1,0,1,0,0,0,0,NA,NA,NA,0,1,0,0,1
213,Feminist Criminology,0.97,S,Sage / Division on Women and Crime of the American Society of Criminology,https://us.sagepub.com/en-us/nam/journal/feminist-criminology#submission-guidelines,NA,0,0,0,0,0,0,0,1,0,0,0,0,0,0,0,1,NA,NA,NA,0,1,0,0,0
214,Feminist Theory,1.114,S,Sage ,https://us.sagepub.com/en-us/nam/journal/feminist-theory#EditorialPolicies,NA,0,0,0,0,1,0,0,0,0,1,0,0,0,0,0,1,NA,NA,NA,0,1,0,0,1
215,Food Engineering Reviews,3.571,B,Springer,https://www.springer.com/food+science/journal/12393?detailsPage=pltci_1060797 ,NA,0,0,1,0,0,0,0,0,0,0,0,1,0,0,0,0,NA,NA,NA,0,1,0,0,0
216,Food Security,2.271,B,Springer Netherlands,https://www.springer.com/life+sciences/agriculture/journal/12571?detailsPage=pltci_3394151,NA,0,0,1,0,0,0,0,0,0,0,0,1,0,0,0,0,NA,NA,NA,0,1,0,0,0
217,FORMAL ASPECTS OF COMPUTING,1.041,M,Springer London,https://www.springer.com/computer/theoretical+computer+science/journal/165?detailsPage=pltci_1365578,NA,0,0,1,0,0,0,0,0,0,0,0,1,0,0,0,0,NA,NA,NA,0,1,0,0,0
219,FRACTALS-COMPLEX GEOMETRY PATTERNS AND SCALING IN NATURE AND SOCIETY,1.54,M,World Scientific ,https://www.worldscientific.com/page/authors/author-rights,NA,0,0,0,0,0,0,0,1,0,0,0,0,0,0,0,1,NA,NA,NA,0,1,0,0,0
220,Frontiers in Bioscience-Landmark,2.497,B,Frontiers in Bioscience,https://www.bioscience.org/authors,NA,0,1,0,0,0,1,0,0,1,0,0,0,0,1,0,0,NA,NA,NA,0,1,0,0,1
221,Frontiers in Neurology,3.552,C,Frontiers,https://www.frontiersin.org/journals/neurology#author-guidelines,NA,0,1,0,1,0,0,0,0,1,1,0,0,0,0,1,0,NA,NA,NA,1,0,0,0,1
222,Frontiers in Neurorobotics,2.486,P,Frontiers,https://www.frontiersin.org/journals/neurorobotics#author-guidelines,NA,0,1,0,1,0,0,0,0,1,1,0,0,0,0,1,0,NA,NA,NA,1,0,0,0,1
223,FUNGAL GENETICS AND BIOLOGY,3.072,B,Elsevier,https://www.elsevier.com/journals/fungal-genetics-and-biology/1087-1845/guide-for-authors,NA,0,0,1,0,0,0,0,0,0,1,0,1,0,0,0,0,NA,NA,NA,0,1,0,0,1
224,GASTROINTESTINAL ENDOSCOPY,6.501,C,Elsevier,https://www.giejournal.org/content/authorinfo#reg,NA,0,0,0,0,0,0,0,1,0,0,0,0,0,0,0,1,NA,NA,NA,0,1,0,0,0
225,GAYANA,0.553,B,"Universidad de ConcepciÃ³n, Chile",http://www.gayana.cl/journal_files/guidelines-Gayana-2018.pdf,NA,0,1,0,0,0,1,0,0,1,0,0,1,0,0,0,0,NA,NA,NA,0,1,0,0,0
228,GENERAL HOSPITAL PSYCHIATRY,2.279,C,Elsevier,https://www.elsevier.com/journals/general-hospital-psychiatry/0163-8343/guide-for-authors,NA,0,0,1,0,0,0,0,0,0,1,0,1,0,0,0,0,NA,NA,NA,0,1,0,0,1
229,GEOCHEMICAL TRANSACTIONS,1.71,P,Springer / Royal Society of Chemistry,https://geochemicaltransactions.springeropen.com/submission-guidelines/editorial-policies,NA,0,1,0,0,0,0,0,0,1,1,1,1,0,0,0,0,NA,NA,NA,1,0,0,0,0
230,GEOFORUM,2.067,S,Elsevier,https://www.elsevier.com/journals/geoforum/0016-7185/guide-for-authors,NA,0,0,1,0,0,0,0,0,0,1,0,1,0,0,0,0,NA,NA,NA,0,1,0,0,1
231,GEOMICROBIOLOGY JOURNAL,1.485,P,Taylor & Francis,https://www.tandfonline.com/action/authorSubmission?show=instructions&journalCode=ugmb20#dsp,NA,0,0,1,0,0,0,0,0,0,0,0,1,0,0,0,0,NA,NA,NA,0,1,0,0,0
232,Geotechnique Letters,1.286,P,Ice Publishing,https://www.icevirtuallibrary.com/page/authors/preparing-your-manuscript/guidelines-engineering,NA,0,0,0,0,0,0,0,1,0,0,0,0,0,0,0,1,NA,NA,NA,0,1,0,0,0
233,GEOTEXTILES AND GEOMEMBRANES,2.87,P,Elsevier,https://www.elsevier.com/journals/geotextiles-and-geomembranes/0266-1144/guide-for-authors,NA,0,0,0,0,0,0,0,1,0,0,0,0,0,0,0,1,NA,NA,NA,0,1,0,0,0
234,Gesture,0.733,S,John Benjamin Publishing,https://benjamins.com/catalog/gest/guidelines,NA,0,0,1,0,0,0,0,0,0,0,0,0,0,0,1,0,NA,NA,NA,0,1,0,0,1
235,GLASS PHYSICS AND CHEMISTRY,0.538,P,  Russian Academy of Sciences and the Institute of Silicate Chemistry /Pleiades Publishing,https://www.springer.com/materials/special+types/journal/10720,NA,0,0,0,0,0,0,0,1,0,0,0,0,0,0,0,1,NA,NA,NA,0,1,0,0,0
236,Globalization and Health,2.536,C,BMC,https://www.biomedcentral.com/getpublished/editorial-policies#trial+registration,https://globalizationandhealth.biomedcentral.com/about,0,1,0,0,0,0,0,0,1,1,0,0,0,0,1,0,NA,NA,NA,1,0,0,0,0
237,HARVARD LAW REVIEW,3.477,S,The Harvard Law Review AssociationÂ ,https://harvardlawreview.org/submissions/,NA,0,0,0,0,0,0,0,1,0,0,0,0,0,0,0,1,NA,NA,NA,0,1,0,0,0
238,HEALTH COMMUNICATION,1.487,S,Taylor & Francis,https://www.tandfonline.com/action/authorSubmission?journalCode=hhth20&page=instructions,NA,0,0,1,0,0,0,0,0,0,0,0,1,0,0,0,0,NA,NA,NA,0,1,0,0,0
239,Health Promotion Journal of Australia,1.097,C,Wiley,https://onlinelibrary.wiley.com/page/journal/22011617/homepage/ForAuthors.html,NA,0,0,1,0,0,0,0,0,0,0,0,1,0,0,0,0,NA,NA,NA,0,1,0,0,0
240,HERZOGIA,0.74,B,Bryological and Lichenological Association for Central Europe,http://www.bioone.org/page/heia/authors,NA,0,0,0,0,0,0,0,1,0,0,0,0,0,0,0,1,NA,NA,NA,0,1,0,0,0
241,HETEROCYCLIC COMMUNICATIONS,0.542,P,De Gruyter,https://www.degruyter.com/view/supplement/s21910197_Instructions_for_Authors.pdf,NA,0,0,0,0,0,0,0,1,0,0,0,0,0,0,0,1,NA,NA,NA,0,1,0,0,0
242,HIGHER EDUCATION,1.571,S,Springer Netherlands,https://www.springer.com/education+%26+language/higher+education/journal/10734?detailsPage=pltci_1060233,NA,0,0,1,0,0,0,0,0,0,0,0,1,0,0,0,0,NA,NA,NA,0,1,0,0,0
243,Hip International,1.055,C,Sage,https://us.sagepub.com/en-us/nam/journal-author-archiving-policies-and-re-use,NA,0,0,0,0,0,0,0,1,0,0,0,0,0,0,0,1,NA,NA,NA,0,1,0,0,0
244,HISTORIA MATHEMATICA,0.258,S,Elsevier,https://www.elsevier.com/journals/historia-mathematica/0315-0860/guide-for-authors,NA,0,0,0,0,0,0,0,1,0,0,0,0,0,0,0,1,NA,NA,NA,0,1,0,0,0
246,HISTORY AND PHILOSOPHY OF LOGIC,0.286,S,Taylor & Francis,https://www.tandfonline.com/action/authorSubmission?show=instructions&journalCode=thpl20,NA,0,0,1,0,0,0,0,0,0,0,0,1,0,0,0,0,NA,NA,NA,0,1,0,0,0
247,HISTORY OF THE HUMAN SCIENCES,0.397,S,Sage,https://us.sagepub.com/en-us/nam/journal/history-human-sciences#submission-guidelines,NA,0,0,0,0,0,0,0,1,0,0,0,0,0,0,0,1,NA,NA,NA,0,1,0,0,0
248,HORMONES AND BEHAVIOR,3.378,C,Elsevier,https://www.elsevier.com/journals/hormones-and-behavior/0018-506x/guide-for-authors,NA,0,0,1,0,0,0,0,0,0,1,0,1,0,0,0,0,NA,NA,NA,0,1,0,0,1
249,Human Ecology Review,0.379,S,Society for Human Ecology,http://www.humanecologyreview.org/contrib.htm,NA,0,0,0,0,0,0,0,0,0,0,0,0,0,0,0,1,NA,NA,NA,0,1,0,0,0
250,Human Factors and Ergonomics in Manufacturing & Service Industries,0.761,P,Wiley,https://onlinelibrary.wiley.com/page/journal/15206564/homepage/forauthors.html,NA,0,0,0,0,0,0,0,1,0,0,0,0,0,0,0,1,NA,NA,NA,0,1,0,0,0
251,ICHNOS-AN INTERNATIONAL JOURNAL FOR PLANT AND ANIMAL TRACES,1.182,B,Taylor & Francis,https://www.tandfonline.com/action/authorSubmission?show=instructions&journalCode=gich20,NA,0,0,1,0,0,0,0,0,0,0,0,1,0,0,0,0,NA,NA,NA,0,1,0,0,0
252,IEEE Antennas and Wireless Propagation Letters,2.533,P,IEEE Antennas and Propagation Society,http://awpl.eleceng.adelaide.edu.au/authors.htm,NA,0,0,0,0,0,0,0,1,0,0,0,0,0,0,0,1,NA,NA,NA,0,1,0,0,0
253,IEEE Communications Surveys and Tutorials,17.188,M,IEEE Communications Society,https://www.comsoc.org/cst/information-authors,NA,0,0,0,0,0,0,0,1,0,0,0,0,0,0,0,1,NA,NA,NA,0,1,0,0,0
254,IEEE Journal of Biomedical and Health Informatics,3.451,M,Institute of Electrical and Electronics Engineers,https://jbhi.embs.org/for-authors/editorial-policy/,NA,0,0,0,0,0,0,0,1,0,0,0,0,0,0,0,1,NA,NA,NA,0,1,0,0,0
255,IEEE MULTIMEDIA,2.849,M,Â IEEE Computer Society,https://www.computer.org/web/peer-review/journals,NA,0,0,0,0,1,0,0,0,0,0,0,0,1,0,0,0,0,1,0,0,1,0,0,0
256,IEEE Photonics Journal,2.291,P,IEEE Photonics Society,https://www.photonicssociety.org/publications/photonics-journal/information-for-authors,NA,0,0,0,0,0,0,0,1,0,0,0,0,0,0,0,1,NA,NA,NA,0,1,0,0,0
257,IEEE Power & Energy Magazine,1.953,P,IEEE Power & Energy Society,https://ieeexplore.ieee.org/xpl/aboutJournal.jsp?punumber=8014,NA,0,0,0,0,0,0,0,1,0,0,0,0,0,0,0,1,NA,NA,NA,0,1,0,0,0
258,IEEE Transactions on Cognitive and Developmental Systems,NA,C,IEEE Computational Intelligence Society,https://cis.ieee.org/ieee-transactions-on-cognitive-and-developmental-systems/131-ieee-transactions-on-autonomous-mental-development-information-for-authors.html,NA,0,0,0,0,0,0,0,1,0,0,0,0,0,0,0,1,NA,NA,NA,0,1,0,0,0
259,IEEE Transactions on Human-Machine Systems,2.493,M,Institute of Electrical and Electronics Engineers,https://mc.manuscriptcentral.com/societyimages/thms/Author_Guidelines_0617_R2.pdf,NA,0,0,0,0,1,0,0,0,0,0,0,0,1,0,0,0,0,0,1,0,1,0,0,0
260,IEEE TRANSACTIONS ON KNOWLEDGE AND DATA ENGINEERING,3.438,M,IEEE Computer Society,https://www.computer.org/web/peer-review/journals,NA,0,0,0,0,1,0,0,0,0,0,0,0,1,0,0,0,0,1,0,0,1,0,0,0
261,IET Generation Transmission & Distribution,2.213,P,Institution of Engineering and Technology,http://digital-library.theiet.org/files/Author_self-archiving_policy.pdf,NA,0,0,0,0,0,0,0,1,0,0,0,0,0,0,0,1,NA,NA,NA,0,1,0,0,0
262,IET Information Security,1.037,M,Institution of Engineering and Technology,http://digital-library.theiet.org/files/Author_self-archiving_policy.pdf,NA,0,0,0,0,0,0,0,1,0,0,0,0,0,0,0,1,NA,NA,NA,0,1,0,0,0
263,IMA JOURNAL OF MATHEMATICAL CONTROL AND INFORMATION,1.273,M,Oxford University Press,https://academic.oup.com/journals/pages/access_purchase/rights_and_permissions/self_archiving_policy_ima,NA,0,0,0,0,0,0,0,1,0,0,0,1,0,0,0,0,NA,NA,NA,0,1,0,0,0
264,Imago Mundi-The International Journal for the History of Cartography,0.2,S,Taylor & Francis,https://www.tandfonline.com/action/authorSubmission?journalCode=rimu20&page=instructions,NA,0,0,0,0,0,0,0,1,0,0,0,0,0,0,0,1,NA,NA,NA,0,1,0,0,0
265,IMMUNOBIOLOGY,2.72,C,Elsevier,https://www.elsevier.com/journals/immunobiology/0171-2985/guide-for-authors,NA,0,0,1,0,0,0,0,0,0,1,0,1,0,0,0,0,NA,NA,NA,0,1,0,0,1
266,IMMUNOPHARMACOLOGY AND IMMUNOTOXICOLOGY,1.475,C,Taylor & Francis,https://www.tandfonline.com/pricing/journal/iipi20,NA,0,0,1,0,0,0,0,0,0,0,0,1,0,0,0,0,NA,NA,NA,0,1,0,0,0
267,Independent Review,0.2,S,Independent Institute,http://www.independent.org/publications/tir/manuscript_submission.asp,NA,0,0,0,0,0,0,0,1,0,0,0,0,0,0,0,1,NA,NA,NA,0,1,0,0,0
268,INDIAN JOURNAL OF BIOTECHNOLOGY,0.289,B,NISCAIR,http://www.niscair.res.in/jinfo/IJBT/ijbt_inst_auth.pdf,NA,0,0,0,0,0,0,0,1,0,0,0,0,0,0,0,1,NA,NA,NA,0,1,0,0,0
269,Indian Journal of Horticulture,0.146,B,The Horticultural Society of India,http://www.indianjournals.com/ijor.aspx?target=ijor:ijh&type=for_authors,NA,0,0,0,0,0,0,0,1,0,0,0,0,0,0,0,1,NA,NA,NA,0,1,0,0,0
270,INDUSTRIAL & ENGINEERING CHEMISTRY RESEARCH,2.843,P,Â American Chemical SocietyÂ ,https://pubs.acs.org/paragonplus/submission/iecred/iecred_authguide.pdf,NA,0,0,0,0,0,0,0,1,0,0,0,0,0,0,0,1,NA,NA,NA,0,1,0,0,0
271,Information Technology and Control,0.475,P,Â Kaunas University of Technology .,http://itc.ktu.lt/index.php/ITC/about/submissions#authorGuidelines,NA,0,0,0,0,0,0,0,1,0,0,0,0,0,0,0,1,NA,NA,NA,0,1,0,0,0
272,INFORMATION TECHNOLOGY AND LIBRARIES,1.029,M,Â Library and Information Technology AssociationÂ ,https://ejournals.bc.edu/ojs/index.php/ital/about/submissions#authorGuidelines,NA,0,0,0,0,0,0,0,1,0,0,0,0,0,0,0,1,NA,NA,NA,1,0,0,0,0
273,INSECTES SOCIAUX,1.7,B,Springer,https://www.springer.com/life+sciences/entomology/journal/40?detailsPage=pltci_1118401,NA,0,0,1,0,0,0,0,0,0,0,0,1,0,0,0,0,NA,NA,NA,0,1,0,0,0
274,INTERLENDING & DOCUMENT SUPPLY,0.175,S,Emerald,http://www.emeraldgrouppublishing.com/products/journals/author_guidelines.htm?id=idd,NA,0,0,0,0,0,0,0,1,0,0,0,0,0,0,0,1,NA,NA,NA,0,1,0,0,1
275,International Arab Journal of Information Technology,0.724,M,Zarka Private University,http://iajit.org/index.php?option=com_content&task=view&id=69&Itemid=160,NA,0,0,0,0,0,0,0,1,0,0,0,0,0,0,0,1,NA,NA,NA,0,1,0,0,0
276,International Environmental Agreements-Politics Law and Economics,1.651,B,Springer,https://www.springer.com/law/environmental/journal/10784,NA,0,0,1,0,0,0,0,0,0,0,0,1,0,0,0,0,NA,NA,NA,0,1,0,0,0
277,International Journal of Advertising,2.451,S,Taylor & Francis,https://www.tandfonline.com/action/authorSubmission?journalCode=rina20&page=instructions#dsp,NA,0,0,1,0,0,0,0,0,0,0,0,1,0,0,0,0,NA,NA,NA,0,1,0,0,0
278,International Journal of Astrobiology,1.598,B,Cambridge University Press,https://www.cambridge.org/core/services/aop-file-manager/file/5b06795ca467758b06d22cd6/ija_ifc_May%202018.pdf,NA,0,0,0,0,0,0,0,1,0,0,0,0,0,0,0,1,NA,NA,NA,0,1,0,0,0
279,International Journal of Biological Sciences,3.873,B,Â Ivyspring International Publisher,http://www.ijbs.com/ms/author,NA,0,0,0,0,0,0,0,1,0,0,0,0,0,0,0,1,NA,NA,NA,1,0,0,0,0
280,INTERNATIONAL JOURNAL OF BIOMETEOROLOGY,2.204,P,Springer Berlin Heidelberg,https://www.springer.com/environment/journal/484?detailsPage=pltci_1060558,NA,0,0,1,0,0,0,0,0,0,0,0,1,0,0,0,0,NA,NA,NA,0,1,0,0,0
281,International Journal of Climate Change Strategies and Management,0.611,B,Emerald,http://emeraldgrouppublishing.com/products/journals/author_guidelines.htm?id=ijccsm,NA,0,0,1,0,0,0,0,0,0,0,0,1,0,0,0,0,NA,NA,NA,1,0,0,0,1
282,INTERNATIONAL JOURNAL OF COMPUTER VISION,8.222,M,Springer,https://www.springer.com/computer/image+processing/journal/11263?detailsPage=pltci_2545773,NA,0,0,1,0,0,0,0,0,0,0,0,1,0,0,0,0,NA,NA,NA,0,1,0,0,0
283,INTERNATIONAL JOURNAL OF ELECTRICAL ENGINEERING EDUCATION,0.375,P,Sage,https://us.sagepub.com/en-us/nam/journal/international-journal-electrical-engineering-education#PeerReviewPolicy,NA,0,0,1,0,0,0,0,0,0,0,0,0,0,0,1,0,NA,NA,NA,0,1,0,0,0
284,INTERNATIONAL JOURNAL OF GEOGRAPHICAL INFORMATION SCIENCE,2.502,M,Taylor & Francis,https://www.tandfonline.com/action/authorSubmission?journalCode=tgis20&page=instructions#dsp,NA,0,0,1,0,0,0,0,0,0,0,0,1,0,0,0,0,NA,NA,NA,0,1,0,0,0
285,INTERNATIONAL JOURNAL OF HEMATOLOGY,1.61,C,Springer,https://www.springer.com/medicine/internal/journal/12185,NA,0,1,0,0,0,0,0,0,1,0,0,0,0,1,0,0,NA,NA,NA,0,1,0,0,1
286,INTERNATIONAL JOURNAL OF HUMAN-COMPUTER STUDIES,2.863,M,Elsevier,https://www.elsevier.com/journals/international-journal-of-human-computer-studies/1071-5819/guide-for-authors,NA,0,0,1,0,0,0,0,0,0,1,0,1,0,0,0,0,NA,NA,NA,0,1,0,0,1
287,INTERNATIONAL JOURNAL OF INFORMATION MANAGEMENT,3.872,S,Elsevier,https://www.elsevier.com/journals/international-journal-of-information-management/0268-4012/guide-for-authors,NA,0,0,1,0,0,0,0,0,0,1,0,1,0,0,0,0,NA,NA,NA,0,1,0,0,1
288,International Journal of Law Policy and the Family,0.216,S,Oxford University Press,https://academic.oup.com/journals/pages/access_purchase/rights_and_permissions/self_archiving_policy_f,NA,0,0,0,0,0,0,0,1,0,0,0,0,0,0,0,1,NA,NA,NA,0,1,0,0,0
289,INTERNATIONAL JOURNAL OF LIFE CYCLE ASSESSMENT,3.173,B,Springer,https://www.springer.com/environment/journal/11367,NA,0,0,1,0,0,0,0,0,0,0,0,1,0,0,0,0,NA,NA,NA,0,1,0,0,0
290,International Journal of Metalcasting,0.392,P,Springer,https://www.springer.com/materials/special+types/journal/40962,NA,0,0,1,0,0,0,0,0,0,0,0,1,0,0,0,0,NA,NA,NA,0,1,0,0,0
291,INTERNATIONAL JOURNAL OF MODERN PHYSICS C,1.171,M,World Scientific,https://www.worldscientific.com/page/authors/responsibilities,NA,0,0,1,0,0,0,0,0,0,0,0,0,0,1,0,0,NA,NA,NA,0,1,0,0,0
292,INTERNATIONAL JOURNAL OF NONLINEAR SCIENCES AND NUMERICAL SIMULATION,0.89,M,Â De Gruyter,https://www.degruyter.com/view/j/ijnsns#callForPapersHeader,NA,0,0,0,0,0,0,0,1,0,0,0,0,0,0,0,1,NA,NA,NA,0,1,0,0,0
293,INTERNATIONAL JOURNAL OF NURSING STUDIES,3.755,C,Elsevier,https://www.elsevier.com/journals/international-journal-of-nursing-studies/0020-7489/guide-for-authors,NA,0,0,1,0,0,0,0,0,0,1,0,1,0,0,0,0,NA,NA,NA,0,1,0,0,1
294,INTERNATIONAL JOURNAL OF PHYTOREMEDIATION,1.77,B,Taylor & Francis,https://www.tandfonline.com/action/authorSubmission?journalCode=bijp20&page=instructions,NA,0,0,1,0,0,0,0,0,0,0,0,1,0,0,0,0,NA,NA,NA,0,1,0,0,0
295,INTERNATIONAL JOURNAL OF PSYCHOPHYSIOLOGY,2.582,S,International OrganizationÂ ofÂ PsychophysiologyÂ andÂ Elsevier,https://www.elsevier.com/journals/international-journal-of-psychophysiology/0167-8760/guide-for-authors,NA,0,0,1,0,0,0,0,0,0,1,0,1,0,0,0,0,NA,NA,NA,0,1,0,0,1
296,INTERNATIONAL JOURNAL OF REMOTE SENSING,1.724,P,Taylor & Francis,https://www.tandfonline.com/action/authorSubmission?journalCode=tres20&page=instructions#dsp,NA,0,0,1,0,0,0,0,0,0,0,0,1,0,0,0,0,NA,NA,NA,0,1,0,0,0
297,INTERNATIONAL JOURNAL OF ROBUST AND NONLINEAR CONTROL,3.393,M,Wiley Blackwell,https://onlinelibrary.wiley.com/page/journal/10991239/homepage/forauthors.html,NA,0,0,0,0,0,0,0,1,0,0,0,0,0,0,0,1,NA,NA,NA,0,1,0,0,0
298,INTERNATIONAL JOURNAL OF SOFTWARE ENGINEERING AND KNOWLEDGE ENGINEERING,0.299,P,World Scientific,https://www.worldscientific.com/page/ijseke/submission-guidelines,NA,0,0,1,0,0,0,0,1,0,0,0,0,0,1,0,1,NA,NA,NA,0,1,0,0,0
299,INTERNATIONAL JOURNAL OF SURGICAL PATHOLOGY,0.83,C,Sage,https://us.sagepub.com/en-us/nam/journal/international-journal-surgical-pathology#submission-guidelines,NA,0,0,0,0,0,0,0,1,0,0,0,0,0,0,0,1,NA,NA,NA,0,1,0,0,0
300,INTERNATIONAL JOURNAL OF TECHNOLOGY MANAGEMENT,1.036,P,Inderscience,file:///C:/Users/moralesm4/Downloads/authorethics.pdf ,NA,0,0,0,0,0,0,0,1,0,0,0,0,0,0,0,1,NA,NA,NA,0,1,0,0,0
301,International Journal of Wavelets Multiresolution and Information Processing,0.463,M,World Scientific,https://www.worldscientific.com/page/ijwmip/submission-guidelines,NA,0,0,1,0,0,0,0,0,0,0,0,0,0,1,0,1,NA,NA,NA,0,1,0,0,0
302,International Journal on Semantic Web and Information Systems,1.5,M,IGI Global,https://www.igi-global.com/publish/resources/journal-guidelines-for-submission.pdf,NA,0,0,0,0,0,0,0,1,0,0,0,0,0,0,0,1,NA,NA,NA,0,1,0,0,0
303,INTERNATIONAL REGIONAL SCIENCE REVIEW,1.351,S,Sage,https://us.sagepub.com/en-us/nam/international-regional-science-review/journal200982#submission-guidelines,NA,0,0,0,0,0,0,0,1,0,0,0,0,0,0,0,1,NA,NA,NA,0,1,0,0,0
304,IONICS,2.062,P,Springer Berlin Heidelberg,https://www.springer.com/chemistry/electrochemistry/journal/11581,NA,0,0,1,0,0,0,0,0,0,0,0,1,0,0,0,0,NA,NA,NA,0,1,0,0,0
305,JAHRBUCHER FUR NATIONALOKONOMIE UND STATISTIK,0.156,M,De Gruyter,https://www.degruyter.com/dg/page/repository-policy,NA,0,0,0,0,0,0,0,1,0,0,0,0,0,0,0,1,NA,NA,NA,0,1,0,0,0
306,JCR-JOURNAL OF CLINICAL RHEUMATOLOGY,1.322,C,"Lippincott, Williams & Wilkins",http://edmgr.ovid.com/jcr/accounts/ifauth.htm,NA,0,0,0,0,1,0,0,0,0,0,0,0,1,0,0,0,0,0,1,0,1,0,0,0
307,JMIR mHealth and uHealth,4.636,S,JMIR Publications,https://mhealth.jmir.org/about/editorialPolicies#authorSelfArchivePolicy,NA,0,0,0,0,1,0,0,0,0,0,0,1,0,0,0,0,NA,NA,NA,0,1,1,0,0
308,Journal for Specialists in Pediatric Nursing,1,C,Wiley,https://onlinelibrary.wiley.com/page/journal/17446155/homepage/forauthors.html,NA,0,0,0,0,0,0,0,1,0,0,0,0,0,0,0,1,NA,NA,NA,0,1,0,0,0
309,JOURNAL OF ADOLESCENT HEALTH,3.974,C,Elsevier,https://www.jahonline.org/content/authorinfo,NA,0,0,0,0,1,0,0,0,0,0,0,0,0,0,1,0,NA,NA,NA,0,1,0,0,0
310,JOURNAL OF AIR TRANSPORT MANAGEMENT,2.357,P,Elsevier,https://www.elsevier.com/journals/journal-of-air-transport-management/0969-6997/guide-for-authors,NA,0,0,1,0,0,0,0,0,0,1,0,1,0,0,0,0,NA,NA,NA,0,1,0,0,1
311,JOURNAL OF ALGEBRA,0.61,M,Elsevier,https://www.elsevier.com/journals/journal-of-algebra/0021-8693/guide-for-authors,NA,0,0,0,0,0,0,0,1,0,0,0,0,0,0,0,1,NA,NA,NA,0,1,0,0,0
312,JOURNAL OF ALGEBRA AND ITS APPLICATIONS,0.489,M,World Scientific,https://www.worldscientific.com/page/jaa/submission-guidelines,NA,0,0,0,0,1,0,0,0,0,0,0,0,0,1,0,0,NA,NA,NA,0,1,0,0,0
313,Journal of Ambient Intelligence and Humanized Computing,1.588,P,Springer,https://www.springer.com/engineering/computational+intelligence+and+complexity/journal/12652,NA,0,0,1,0,0,0,0,0,0,0,0,1,0,0,0,0,NA,NA,NA,0,1,0,0,0
314,JOURNAL OF AMERICAN COLLEGE HEALTH,1.556,C,Taylor & Francis,https://www.tandfonline.com/action/authorSubmission?journalCode=vach20&page=instructions,NA,0,0,1,0,0,0,0,0,0,0,0,1,0,0,0,0,NA,NA,NA,0,1,0,0,0
315,JOURNAL OF APPLIED ECONOMETRICS,2.117,M,Wiley,http://qed.econ.queensu.ca/jae/author-instructions.html,https://onlinelibrary.wiley.com/page/journal/10991255/homepage/forauthors.html#editorial,0,1,0,0,0,0,0,0,0,1,0,0,1,0,0,0,1,0,0,0,1,0,0,1
316,JOURNAL OF APPLIED PHYCOLOGY,2.616,B,Springer Netherlands,https://www.springer.com/life+sciences/plant+sciences/journal/10811?detailsPage=pltci_1060355,NA,0,0,1,0,0,0,0,0,0,0,0,1,0,0,0,0,NA,NA,NA,0,1,0,0,0
317,JOURNAL OF APPLIED STATISTICS,0.664,M,Taylor & Francis,https://www.tandfonline.com/action/authorSubmission?show=instructions&journalCode=cjas20#dsp,NA,0,0,1,0,0,0,0,0,0,0,0,1,0,0,0,0,NA,NA,NA,0,1,0,0,0
318,JOURNAL OF APPROXIMATION THEORY,0.931,M,Elsevier,https://www.elsevier.com/journals/journal-of-approximation-theory/0021-9045/guide-for-authors,NA,0,0,0,0,0,0,0,1,0,0,0,0,0,0,0,1,NA,NA,NA,0,1,0,0,0
319,JOURNAL OF BIOCHEMISTRY,2.082,B,Oxford University Press,https://academic.oup.com/jb/pages/Notice_To_Contributors,NA,1,0,0,1,0,0,0,0,1,0,0,0,0,0,0,1,NA,NA,NA,0,1,0,0,0
320,JOURNAL OF BIOLOGICAL SYSTEMS,0.39,M,World Scientific,https://www.worldscientific.com/page/jbs/submission-guidelines,NA,0,0,0,0,1,0,0,0,0,0,0,0,0,1,0,0,NA,NA,NA,0,1,0,0,0
321,JOURNAL OF BLACK STUDIES,0.421,S,Sage,https://us.sagepub.com/en-us/nam/journal-of-black-studies/journal200876#submission-guidelines,NA,0,0,0,0,0,0,0,1,0,0,0,0,0,0,0,1,NA,NA,NA,0,1,0,0,0
322,JOURNAL OF CARBOHYDRATE CHEMISTRY,0.671,B,Taylor & Francis,https://www.tandfonline.com/action/authorSubmission?show=instructions&journalCode=lcar20,NA,0,0,1,0,0,0,0,0,1,1,0,1,0,0,0,0,NA,NA,NA,0,1,0,0,0
323,Journal of Cardiology,2.732,C,Elsevier,https://www.ajconline.org/content/authorinfo,NA,0,0,1,0,0,0,0,0,0,1,0,1,0,0,0,0,NA,NA,NA,0,1,0,0,1
324,JOURNAL OF CAREER ASSESSMENT,1.33,C,Sage,https://us.sagepub.com/en-us/nam/journal/journal-career-assessment#submission-guidelines,NA,0,0,0,0,0,0,0,1,0,0,0,0,0,0,0,1,NA,NA,NA,0,1,0,0,0
325,Journal of Chemistry,1.3,P,Â Hindawi,https://www.hindawi.com/journals/jchem/guidelines/,NA,0,0,1,0,0,0,0,0,0,0,0,1,0,0,0,0,NA,NA,NA,1,0,0,0,0
326,JOURNAL OF CIRCUITS SYSTEMS AND COMPUTERS,0.481,M,World Scientific,https://www.worldscientific.com/page/jcsc/submission-guidelines,NA,0,0,0,0,1,0,0,0,0,0,0,0,0,1,0,0,NA,NA,NA,0,1,0,0,0
328,JOURNAL OF CLINICAL PHARMACY AND THERAPEUTICS,1.679,C,Wiley Blackwell,https://onlinelibrary.wiley.com/page/journal/13652710/homepage/forauthors.html,NA,0,0,0,0,1,0,0,0,0,0,0,0,0,0,0,1,NA,NA,NA,0,1,0,1,0
329,Journal of Cognition and Development,1.621,S,Taylor & Francis,https://www.tandfonline.com/action/authorSubmission?journalCode=hjcd20&page=instructions,NA,0,0,1,0,0,0,0,0,0,0,0,1,0,0,0,0,NA,NA,NA,0,1,0,0,1
330,JOURNAL OF COLLEGE STUDENT DEVELOPMENT,0.623,S,Â Johns Hopkins University Press,https://www.press.jhu.edu/journals/journal-college-student-development/author-guidelines,NA,0,0,0,0,0,0,0,1,0,0,0,0,0,0,0,1,NA,NA,NA,0,1,0,0,0
331,JOURNAL OF COMMUNICATIONS AND NETWORKS,1.13,P,The Korean Institute of Communications and Information Sciences,http://www.jcn.or.kr/html/?pmode=InformationforAuthors,NA,0,0,0,0,0,0,0,1,0,0,0,0,0,0,0,1,NA,NA,NA,0,1,0,0,0
332,JOURNAL OF COMMUNITY HEALTH,1.388,S,Springer,https://www.springer.com/public+health/journal/10900?detailsPage=pltci_662246,NA,0,0,1,0,0,0,0,0,0,0,0,1,0,0,0,0,NA,NA,NA,0,1,0,0,0
333,Journal of Comparative Policy Analysis,1.017,S,Taylor & Francis,https://www.tandfonline.com/action/authorSubmission?journalCode=fcpa20&page=instructions,NA,0,0,0,0,0,0,0,1,0,0,0,0,0,0,0,1,NA,NA,NA,0,1,0,0,0
334,JOURNAL OF COMPUTER SCIENCE AND TECHNOLOGY,0.956,M,Springer,file:///C:/Users/moralesm4/Downloads/Instructions%20for%20Authors.pdf,NA,0,0,1,0,0,0,0,0,0,0,0,1,0,0,0,0,NA,NA,NA,0,1,0,0,0
335,JOURNAL OF COMPUTING AND INFORMATION SCIENCE IN ENGINEERING,1.357,P,American Society of Mechanical Engineers,https://www.asme.org/shop/journals/information-for-authors/journal-guidelines/supplemental-material,NA,0,0,0,0,0,0,0,1,0,0,0,0,0,0,0,1,NA,NA,NA,0,1,0,0,0
336,JOURNAL OF CONSUMER PSYCHOLOGY,3.385,C,John Wiley & Sons,https://onlinelibrary.wiley.com/page/journal/15327663/homepage/forauthors.html,NA,1,0,0,0,0,0,0,0,0,1,0,0,0,0,1,0,NA,NA,NA,0,1,0,0,1
337,Journal of Cultural Economics,0.472,S,Springer,https://www.springer.com/economics/journal/10824?detailsPage=pltci_1060412,NA,0,0,1,0,0,0,0,0,0,0,0,1,0,0,0,0,NA,NA,NA,0,1,0,0,0
338,JOURNAL OF CULTURAL HERITAGE,1.838,P,Elsevier,https://www.elsevier.com/journals/journal-of-cultural-heritage/1296-2074/guide-for-authors,NA,0,0,1,0,0,0,0,0,0,1,0,1,0,0,0,0,NA,NA,NA,0,1,0,0,1
339,JOURNAL OF DIFFERENTIAL EQUATIONS,1.988,M,Elsevier,https://www.elsevier.com/journals/journal-of-differential-equations/0022-0396/guide-for-authors,NA,0,0,0,0,0,0,0,1,0,0,0,0,0,0,0,1,NA,NA,NA,0,1,0,0,0
340,Journal of Economic Inequality,0.607,S,Springer,https://www.springer.com/economics/journal/10888?detailsPage=pltci_2386542,NA,0,0,1,0,0,0,0,0,0,0,0,1,0,0,0,0,NA,NA,NA,0,1,0,0,0
341,JOURNAL OF EDUCATIONAL AND BEHAVIORAL STATISTICS,1.375,M,Sage,https://us.sagepub.com/en-us/nam/journal/journal-educational-and-behavioral-statistics#submission-guidelines,NA,0,0,0,0,0,0,0,1,0,0,0,0,0,0,0,1,NA,NA,NA,0,1,0,0,0
342,JOURNAL OF EVOLUTION EQUATIONS,1.038,M,Springer,https://www.springer.com/birkhauser/mathematics/journal/28,NA,0,0,1,0,0,0,0,0,0,0,0,1,0,0,0,0,NA,NA,NA,0,1,0,0,0
343,JOURNAL OF EVOLUTIONARY BIOLOGY,2.792,B,Wiley Blackwell,https://onlinelibrary.wiley.com/page/journal/14209101/homepage/forauthors.html,NA,1,0,0,0,0,0,0,0,1,0,0,1,0,0,0,0,NA,NA,NA,0,1,0,1,0
344,JOURNAL OF EXPERIMENTAL SOCIAL PSYCHOLOGY,2.159,S,Elsevier,https://www.elsevier.com/journals/journal-of-experimental-social-psychology/0022-1031/guide-for-authors,NA,0,0,1,0,0,0,0,0,0,1,0,0,0,0,1,0,NA,NA,NA,0,1,0,1,1
345,Journal of Fiber Science and Technology,NA,P,"The Society of Fiber Science and Technology, Japan",http://www.fiber.or.jp/jpn/publication/contribution-e.pdf,NA,0,0,0,0,0,0,0,1,0,0,0,0,0,0,0,1,NA,NA,NA,1,0,0,0,0
346,Journal of Fixed Point Theory and Applications,0.681,M,Springer,https://www.springer.com/birkhauser/mathematics/journal/11784,https://fixedpointtheoryandapplications.springeropen.com/about,0,0,0,0,0,0,0,1,0,0,0,0,0,0,0,1,NA,NA,NA,1,0,0,0,0
347,Journal of Flood Risk Management,3.121,B,Wiley Blackwell,https://onlinelibrary.wiley.com/page/journal/1753318x/homepage/forauthors.html,NA,0,0,1,0,0,0,0,0,0,0,0,1,0,0,0,0,NA,NA,NA,0,1,0,1,1
348,Journal of Food Measurement and Characterization,0.536,B,Springer,https://www.springer.com/food+science/journal/11694,NA,0,0,1,0,0,0,0,0,0,0,0,1,0,0,0,0,NA,NA,NA,0,1,0,0,0
349,JOURNAL OF FOOD SCIENCE,1.815,B,Institute of Food Technologists,http://www.ift.org/knowledge-center/read-ift-publications/journal-of-food-science/~/link.aspx?_id=C0177F27B62C4CD3B33ACE9AC82ED8D6&_z=z#JournalPolicy,NA,0,0,0,0,0,0,0,1,0,0,0,0,0,0,0,1,NA,NA,NA,0,1,0,0,0
350,Journal of Forest Research,0.667,B,Taylor & Francis,https://tandfonline.com/action/authorSubmission?show=instructions&journalCode=tjfr20#dsp,NA,0,0,1,0,0,0,0,0,0,0,0,1,0,0,0,0,NA,NA,NA,0,1,0,0,0
351,Journal of Ginseng Research,4.082,C,Elsevier,https://www.elsevier.com/journals/journal-of-ginseng-research/1226-8453/guide-for-authors,NA,0,0,1,0,0,0,0,0,0,1,0,1,0,0,0,0,NA,NA,NA,1,0,0,0,1
352,JOURNAL OF GROUP THEORY,0.457,M,Â De GruyterÂ ,https://www.degruyter.com/view/j/jgth#callForPapersHeader,NA,0,0,0,0,0,0,0,1,0,0,0,0,0,0,0,1,NA,NA,NA,0,1,0,0,0
353,JOURNAL OF HAND SURGERY-AMERICAN VOLUME,1.606,C,American Society for Surgery of the Hand / Elsevier,https://www.jhandsurg.org/content/authorinfo#idp1309136,NA,0,0,1,0,0,0,0,0,0,1,0,1,0,0,0,0,NA,NA,NA,0,1,0,0,1
354,JOURNAL OF HEALTH CARE FOR THE POOR AND UNDERSERVED,0.916,S,Johns Hopkins University Press ,https://www.press.jhu.edu/journals/journal-health-care-poor-and-underserved/author-guidelines,NA,0,0,0,0,0,0,0,1,0,0,0,0,0,0,0,1,NA,NA,NA,0,1,1,0,0
355,JOURNAL OF HUMANISTIC PSYCHOLOGY,0.689,S,Sage,https://us.sagepub.com/en-us/nam/journal-of-humanistic-psychology/journal200951#submission-guidelines,NA,0,0,0,0,0,0,0,1,0,0,0,0,0,0,0,1,NA,NA,NA,0,1,0,0,0
356,JOURNAL OF IMMUNOTHERAPY,3.915,C,Society for Biological Therapy,http://edmgr.ovid.com/jit/accounts/ifauth.htm,NA,0,0,0,0,0,0,0,1,0,0,0,0,0,0,0,1,NA,NA,NA,0,1,0,0,0
357,JOURNAL OF INTELLIGENT INFORMATION SYSTEMS,1.294,M,Springer,https://www.springer.com/computer/database+management+%26+information+retrieval/journal/10844?detailsPage=pltci_2046207,NA,0,0,1,0,0,0,0,0,0,0,0,1,0,0,0,0,NA,NA,NA,0,1,0,0,0
358,JOURNAL OF INTERFERON AND CYTOKINE RESEARCH,2.377,B,"Mary Ann Liebert, Inc.",https://home.liebertpub.com/publications/journal-of-interferon-and-cytokine-research/35/for-authors,NA,0,0,0,0,0,0,0,1,0,0,0,0,0,0,0,1,NA,NA,NA,0,1,0,0,0
359,Journal of International Relations and Development,1.302,S,Palgrave Macmillan,https://www.palgrave.com/gp/journal/41268/authors/open-access-self-archiving,NA,0,0,0,0,0,0,0,1,0,0,0,0,0,0,0,1,NA,NA,NA,0,1,0,0,0
360,Journal of Internet Technology,1.93,M,Executive Committee / Taiwan Academic Network Management Committee,http://jit.ndhu.edu.tw/ojs/index.php/jit/about/submissions#authorGuidelines,NA,0,0,0,0,0,0,0,1,0,0,0,0,0,0,0,1,NA,NA,NA,0,1,0,0,0
361,JOURNAL OF INTERVENTIONAL CARDIAC ELECTROPHYSIOLOGY,1.826,C,Springer,https://www.springer.com/medicine/cardiology/journal/10840,NA,0,0,1,0,0,0,0,0,0,0,0,1,0,0,0,0,NA,NA,NA,0,1,0,0,0
362,Journal of Macromolecular Science Part B-Physics,0.828,P,Taylor & Francis,https://www.tandfonline.com/action/authorSubmission?journalCode=lmsb20&page=instructions,NA,0,0,0,0,0,0,0,1,0,0,0,0,0,0,0,1,NA,NA,NA,0,1,0,0,0
363,JOURNAL OF MANAGEMENT INQUIRY,1.2,S,Sage,https://us.sagepub.com/en-us/nam/journal/journal-management-inquiry#submission-guidelines,NA,0,0,0,0,0,0,0,1,0,0,0,0,0,0,0,1,NA,NA,NA,0,1,0,0,0
364,JOURNAL OF MATHEMATICAL BIOLOGY,1.566,M,Springer,https://www.springer.com/mathematics/mathematical+biology/journal/285?detailsPage=pltci_2858853,NA,0,0,1,0,0,0,0,0,0,0,0,1,0,0,0,0,NA,NA,NA,0,1,0,0,0
365,JOURNAL OF MATHEMATICAL PHYSICS,1.077,M,AIP Publishing,https://aip.scitation.org/jmp/info/focus,NA,0,0,0,0,0,0,0,1,0,0,0,0,0,0,0,1,NA,NA,NA,0,1,0,0,0
366,Journal of Mechanical Science and Technology,1.128,P,Springer / The Korean Society of Mechanical Engineers,http://www.j-mst.org/Introduction_2.asp,NA,0,0,0,0,0,0,0,1,0,0,0,0,0,0,0,1,NA,NA,NA,1,0,0,0,0
367,Journal of Medical Ultrasonics,0.455,C,Springer,https://www.springer.com/medicine/radiology/journal/10396,NA,0,0,0,0,0,0,0,1,0,0,0,0,0,0,0,1,NA,NA,NA,0,1,0,0,0
368,JOURNAL OF MEMORY AND LANGUAGE,3.065,C,Elsevier,https://www.elsevier.com/journals/journal-of-memory-and-language/0749-596x/guide-for-authors,NA,0,0,0,0,0,0,0,1,0,0,0,0,0,0,0,1,NA,NA,NA,0,1,0,0,0
369,Journal of Mental Health Research in Intellectual Disabilities,0.567,S,Taylor & Francis,https://www.tandfonline.com/action/authorSubmission?journalCode=umid20&page=instructions,NA,0,0,1,0,0,0,0,0,0,0,0,1,0,0,0,0,NA,NA,NA,0,1,0,0,0
370,JOURNAL OF METAMORPHIC GEOLOGY,3.594,P,Wiley ,https://onlinelibrary.wiley.com/page/journal/15251314/homepage/manuscript_preparation.htm,NA,0,0,1,0,0,0,0,0,0,0,0,1,0,0,0,0,NA,NA,NA,0,1,0,0,1
371,Journal of Middle East Womens Studies,0.154,S,Duke University Press,http://jmews.org/submission-guidelines/article-guidelines/,NA,0,0,0,0,0,0,0,1,0,0,0,0,0,0,0,1,NA,NA,NA,0,1,0,0,0
372,JOURNAL OF MODERN AFRICAN STUDIES,0.918,S,Cambridge University Press,https://www.cambridge.org/core/journals/journal-of-modern-african-studies/information/instructions-contributors,NA,0,0,0,0,0,0,0,1,0,0,0,0,0,0,0,1,NA,NA,NA,0,1,0,0,0
373,JOURNAL OF MODERN OPTICS,1.328,P,Taylor & Francis,https://www.tandfonline.com/action/authorSubmission?journalCode=tmop20&page=instructions,NA,0,0,1,0,0,0,0,0,0,0,0,1,0,0,0,0,NA,NA,NA,0,1,0,0,0
374,JOURNAL OF MOTOR BEHAVIOR,1.327,S,Taylor & Francis,https://www.tandfonline.com/action/authorSubmission?journalCode=vjmb20&page=instructions,NA,0,0,1,0,0,0,0,0,0,0,0,1,0,0,0,0,NA,NA,NA,0,1,0,0,0
376,JOURNAL OF MULTIVARIATE ANALYSIS,0.901,M,Elsevier,https://www.elsevier.com/journals/journal-of-multivariate-analysis/0047-259x/guide-for-authors,NA,0,0,0,0,0,0,0,1,0,0,0,0,0,0,0,1,NA,NA,NA,0,1,0,0,0
377,Journal of Natural Gas Science and Engineering,2.718,P,Elsevier,https://www.elsevier.com/journals/journal-of-natural-gas-science-and-engineering/1875-5100/guide-for-authors,NA,0,0,1,0,0,0,0,0,0,1,0,1,0,0,0,0,NA,NA,NA,0,1,0,0,1
378,Journal of NeuroEngineering and Rehabilitation,3.516,B,BMC,https://www.biomedcentral.com/getpublished/editorial-policies#availability+of+data+and+materials,https://jneuroengrehab.biomedcentral.com/about,0,0,1,0,0,1,0,0,1,1,1,0,0,0,1,0,NA,NA,NA,1,0,0,0,1
379,Journal of Neuroimmune Pharmacology,3.339,C,Springer,https://www.springer.com/biomed/neuroscience/journal/11481?detailsPage=pltci_1749310,NA,0,0,1,0,0,0,0,0,0,0,0,1,0,0,0,0,NA,NA,NA,0,1,0,0,0
380,JOURNAL OF NEUROVIROLOGY,3.206,C,Springer,https://www.springer.com/biomed/neuroscience/journal/13365?detailsPage=pltci_1415010,NA,0,1,0,0,0,1,0,0,1,0,0,0,0,0,1,0,NA,NA,NA,0,1,0,0,0
381,JOURNAL OF NEW MUSIC RESEARCH,1.122,M,Taylor & Francis,https://www.tandfonline.com/action/authorSubmission?journalCode=nnmr20&page=instructions#dsp,NA,0,0,1,0,0,0,0,0,0,0,0,1,0,0,0,0,NA,NA,NA,0,1,0,0,0
382,Journal of Nonlinear and Convex Analysis,0.642,M,YokohamaÂ ,http://www.ybook.co.jp/jnca-policy.pdf,NA,0,0,0,0,0,0,0,1,0,0,0,0,0,0,0,1,NA,NA,NA,0,1,0,0,0
383,Journal of Official Statistics,0.411,M,DE GRUYTER / Statistics Sweden,file:///C:/Users/moralesm4/Downloads/Instructions_for_Authors.pdf,NA,0,0,0,1,1,0,0,0,0,0,0,0,1,0,0,0,0,0,1,1,0,0,0,0
384,JOURNAL OF OPERATIONS MANAGEMENT,5.207,S,Elsevier,https://www.elsevier.com/journals/journal-of-operations-management/0272-6963/guide-for-authors#87500,NA,0,0,1,0,0,0,0,0,0,1,0,1,0,0,0,0,NA,NA,NA,0,1,0,0,1
385,JOURNAL OF OPERATOR THEORY,0.524,M,The Theta Foundation,https://www.theta.ro/jot.html,NA,0,0,0,0,0,0,0,1,0,0,0,0,0,0,0,1,NA,NA,NA,0,1,0,0,0
386,Journal of Organizational and End User Computing,0.759,M,IGI Global,https://www.igi-global.com/publish/resources/journal-guidelines-for-submission.pdf,NA,0,0,0,0,0,0,0,1,0,0,0,0,0,0,0,1,NA,NA,NA,0,1,0,0,0
387,Journal of Pacific Rim Psychology,0.909,S,Cambridge University Press / Beijing Normal University,https://www.cambridge.org/core/journals/journal-of-pacific-rim-psychology/information/instructions-contributors,NA,0,0,0,0,0,0,0,1,0,0,0,0,0,0,0,1,NA,NA,NA,1,0,0,0,0
388,Journal of PeriAnesthesia Nursing,0.764,C,Elsevier,https://www.jopan.org/content/authorinfo,NA,0,0,1,0,0,0,0,0,0,1,0,1,0,0,0,0,NA,NA,NA,0,1,0,0,1
389,Journal of Perinatology,2.313,C,Springer Nature,https://www.nature.com/jp/authors-and-referees/authors,NA,0,0,1,0,0,1,0,0,1,0,0,0,0,0,1,0,NA,NA,NA,0,1,0,0,0
390,JOURNAL OF PERSONALITY ASSESSMENT,2.024,C,Taylor & Francis,https://www.tandfonline.com/action/authorSubmission?journalCode=hjpa20&page=instructions,NA,0,0,1,0,0,0,0,0,0,0,0,1,0,0,0,0,NA,NA,NA,0,1,0,0,1
391,JOURNAL OF PHARMACOKINETICS AND PHARMACODYNAMICS,1.673,C,Springer,https://www.springer.com/biomed/pharmacology+%26+toxicology/journal/10928?detailsPage=pltci_1735233,NA,0,1,0,0,0,1,0,0,1,0,0,1,0,0,0,0,NA,NA,NA,0,1,0,0,0
392,JOURNAL OF PHARMACOLOGICAL AND TOXICOLOGICAL METHODS,2.238,C,Elsevier,https://www.elsevier.com/journals/journal-of-pharmacological-and-toxicological-methods/1056-8719/guide-for-authors,NA,0,0,1,0,0,0,0,0,0,1,0,1,0,0,0,0,NA,NA,NA,0,1,0,0,1
393,JOURNAL OF PHOTOCHEMISTRY AND PHOTOBIOLOGY C-PHOTOCHEMISTRY REVIEWS,12.317,P,Elsevier,https://www.elsevier.com/journals/journal-of-photochemistry-and-photobiology-c-photochemistry-reviews/1389-5567/guide-for-authors,NA,0,0,1,0,0,0,0,0,0,1,0,1,0,0,0,0,NA,NA,NA,0,1,0,0,1
394,JOURNAL OF PHYCOLOGY,2.608,B,Wiley ,https://onlinelibrary.wiley.com/page/journal/15298817/homepage/ForAuthors.html,NA,0,1,0,0,0,0,0,0,1,0,0,1,0,0,0,0,NA,NA,NA,0,1,0,0,1
395,JOURNAL OF PHYSICAL ORGANIC CHEMISTRY,1.336,P,Wiley ,https://onlinelibrary.wiley.com/page/journal/10991395/homepage/forauthors.html,NA,0,1,0,0,0,0,0,0,0,0,0,0,0,0,1,0,NA,NA,NA,0,1,0,0,0
396,Journal of Physiological Anthropology,1.25,B,Japan Society of Physiological Anthropology / BMC,https://www.biomedcentral.com/getpublished/editorial-policies#availability+of+data+and+materials,NA,0,1,0,0,0,0,0,0,1,1,1,1,0,0,0,0,NA,NA,NA,1,0,0,0,0
397,JOURNAL OF PIDGIN AND CREOLE LANGUAGES,0.4,S,John Benjamin Publishing Company,https://benjamins.com/content/authors/rightspolicy,NA,0,0,0,0,0,0,0,1,0,0,0,1,0,0,0,0,NA,NA,NA,0,1,0,0,0
398,JOURNAL OF PLANT BIOCHEMISTRY AND BIOTECHNOLOGY,0.954,B,"Â Society for Plant Biochemistry and Biotechnology, IOS Press",https://www.omicsonline.org/instructionsforauthors-plant-biochemistry-physiology-open-access.php,NA,0,0,1,0,0,0,0,0,0,0,0,1,0,0,0,0,NA,NA,NA,0,1,0,0,0
399,Journal of Policy History,0.365,S,Cambridge University PressÂ ,https://jph.asu.edu/submissions,NA,0,0,0,0,0,0,0,1,0,0,0,0,0,0,0,1,NA,NA,NA,0,1,0,0,0
400,JOURNAL OF POLITICAL ECONOMY,3.923,S,Â University of Chicago Press,https://www.journals.uchicago.edu/journals/jpe/datapolicy,NA,1,0,0,0,0,0,0,0,0,1,0,0,1,0,0,0,0,0,1,0,1,0,0,1
401,Journal of Renewable Materials,0.812,P,Tech Science Press,http://www.techscience.com/JRM/JRM_Instructions_for_Contributors.pdf,NA,0,0,0,0,0,0,0,1,0,0,0,0,0,0,0,1,NA,NA,NA,0,1,0,0,0
402,JOURNAL OF REPRODUCTIVE MEDICINE,0.848,C,"Science Printers and Publishers, Inc",http://www.reproductivemedicine.com/admin/JRM_ChecklistForAuthors2017.pdf,NA,0,0,0,0,0,0,0,1,0,0,0,0,0,0,0,1,NA,NA,NA,0,1,0,0,0
403,Journal of Research in Medical Sciences,1.237,C,Wolters Kluwer,http://www.jmsjournal.net/contributors.asp,NA,0,0,0,0,0,0,0,1,0,0,0,0,0,0,0,1,NA,NA,NA,1,0,0,0,0
404,JOURNAL OF RISK AND INSURANCE,1.343,S,Wiley ,https://onlinelibrary.wiley.com/page/journal/15396975/homepage/ForAuthors.html,NA,0,0,0,0,0,0,0,1,0,0,0,0,0,0,0,1,NA,NA,NA,0,1,0,0,0
405,Journal of Rubber Research,0.237,P,Malaysian Rubber Board,http://www.myjurnal.my/public/browse-journal-view.php?id=76,NA,0,0,0,0,0,0,0,1,0,0,0,0,0,0,0,1,NA,NA,NA,0,1,0,0,0
406,Journal of Science Education and Technology,1.08,S,Springer,https://www.springer.com/education+%26+language/science+education/journal/10956?detailsPage=pltci_2261375,NA,0,0,1,0,0,0,0,0,0,0,0,1,0,0,0,0,NA,NA,NA,0,1,0,0,0
407,JOURNAL OF SEISMOLOGY,1.089,P,Springer,https://www.springer.com/earth+sciences+and+geography/geophysics/journal/10950?detailsPage=pltci_1896916,NA,0,1,0,0,0,0,0,0,0,0,0,0,0,0,1,0,NA,NA,NA,0,1,0,0,0
408,JOURNAL OF SEPARATION SCIENCE,2.557,P,Wiley ,https://wol-prod-cdn.literatumonline.com/pb-assets/assets/16159314/JSS_ITA__update_2017_final-1510047577000.pdf,NA,0,0,1,1,0,0,0,0,0,0,0,0,1,0,0,0,0,0,1,0,1,0,0,0
409,JOURNAL OF SEX & MARITAL THERAPY,1.935,C,Taylor & Francis ,https://www.tandfonline.com/action/authorSubmission?journalCode=usmt20&page=instructions,NA,0,0,0,0,0,0,0,1,0,0,0,0,0,0,0,1,NA,NA,NA,0,1,0,0,0
410,JOURNAL OF SOCIAL POLICY,1.458,S,Cambridge University Press,https://www.cambridge.org/core/journals/journal-of-social-policy/information/instructions-contributors,NA,0,0,0,0,0,0,0,1,0,0,0,0,0,0,0,1,NA,NA,NA,0,1,0,0,0
411,JOURNAL OF SPEECH LANGUAGE AND HEARING RESEARCH,1.771,C,Â American Speech-Language-Hearing Association,https://academy.pubs.asha.org/wp-content/uploads/2018/07/JSLHR_Author_Instructions.pdf,NA,0,0,1,1,0,0,0,0,0,0,0,1,0,0,0,0,NA,NA,NA,0,1,1,0,1
412,Journal of Statistical Software,9.436,M,Â Foundation for Open Access Statistics,https://www.jstatsoft.org/pages/view/authors,NA,0,1,0,1,0,0,1,0,0,1,0,1,0,0,0,0,NA,NA,NA,1,0,0,0,1
413,JOURNAL OF STORED PRODUCTS RESEARCH,1.75,B,Elsevier,https://www.elsevier.com/journals/journal-of-stored-products-research/0022-474x/guide-for-authors,NA,0,0,1,0,0,0,0,0,0,1,0,1,0,0,0,0,NA,NA,NA,0,1,0,0,1
414,JOURNAL OF STRENGTH AND CONDITIONING RESEARCH,2.06,C,Lippincott Williams & Wilkins,http://edmgr.ovid.com/jscr/accounts/ifauth.htm,NA,0,0,0,0,0,0,0,1,0,0,0,0,0,0,0,1,NA,NA,NA,0,1,0,0,0
415,Journal of Stroke,5.576,C,Korean Stroke Society,https://www.j-stroke.org/file/JOS_Instructions_for_authors.pdf,NA,0,0,0,0,0,0,0,1,0,0,0,0,0,0,0,1,NA,NA,NA,1,0,0,0,0
416,Journal of Systems Engineering and Electronics,0.529,S,Beijing Institute of Aerospace InformationÂ ,http://www.jseepub.com/EN/column/column18.shtml,NA,0,0,0,0,0,0,0,1,0,0,0,0,0,0,0,1,NA,NA,NA,0,1,0,0,0
417,Journal of Systems Science & Complexity,0.556,M,"Academy of Mathematics and Systems Science, Chinese Academy of Sciences",http://101.200.86.116/journalx_xtkxyfzx_en/basicinfo/viewHtmlFile.action?magId=2&id=8,NA,0,0,0,0,0,0,0,1,0,0,0,0,0,0,0,1,NA,NA,NA,1,0,0,0,0
418,JOURNAL OF THE AMERICAN MEDICAL INFORMATICS ASSOCIATION,3.698,S,Â Oxford University Press,"https://academic.oup.com/jamia/pages/General_Instructions#Charges,%20licences,%20and%20self-archiving%20policy",NA,0,0,1,0,0,0,0,0,0,0,0,1,0,0,0,0,NA,NA,NA,0,1,0,0,0
419,JOURNAL OF THE AMERICAN POMOLOGICAL SOCIETY,0.22,B,American Pomological Society,http://americanpomological.org/journal/author-instructions/,NA,0,0,0,0,0,0,0,1,0,0,0,0,0,0,0,1,NA,NA,NA,0,1,0,0,0
420,Journal of the Association for Information Systems,2.109,M,Association for Information Systems,http://aisel.aisnet.org/jais/policies.html#data,http://aisel.aisnet.org/jais/authorinfo.html,1,0,0,1,0,0,0,0,0,0,0,0,1,0,0,0,0,0,1,0,1,0,0,0
421,JOURNAL OF THE AUSTRALIAN MATHEMATICAL SOCIETY,0.656,M,Cambridge University Press,https://journal.austms.org.au/ojs/index.php/JAMS/about/submissions#onlineSubmissions,NA,0,0,0,0,0,0,0,1,0,0,0,0,0,0,0,1,NA,NA,NA,0,1,0,0,0
422,Journal of the Faculty of Engineering and Architecture of Gazi University,0.38,P,Gazi University,http://dergipark.gov.tr/gazimmfd/writing-rules,NA,0,0,0,0,0,0,0,1,0,0,0,0,0,0,0,1,NA,NA,NA,1,0,0,0,0
423,Journal of Transport & Health,1.718,P,Elsevier,https://www.elsevier.com/journals/journal-of-transport-and-health/2214-1405/guide-for-authors,NA,0,0,1,0,0,0,0,0,0,1,0,1,0,0,0,0,NA,NA,NA,0,1,0,0,1
424,Journal of Transport Geography,2.675,P,Elsevier,https://www.elsevier.com/journals/journal-of-transport-geography/0966-6923/guide-for-authors,NA,0,0,1,0,0,0,0,0,0,1,0,1,0,0,0,0,NA,NA,NA,0,1,0,0,1
425,JOURNAL OF TURBULENCE,1.417,P,Taylor & Francis,https://www.tandfonline.com/action/authorSubmission?journalCode=tjot20&page=instructions,NA,0,0,1,0,0,0,0,0,0,0,0,1,0,0,0,0,NA,NA,NA,0,1,0,0,0
426,Journal of Veterinary Behavior-Clinical Applications and Research,1.496,B,Elsevier,https://www.journalvetbehavior.com/content/authorinfo,NA,0,1,0,0,0,0,0,0,1,1,0,1,0,0,0,0,NA,NA,NA,0,1,0,0,1
427,JOURNAL OF VISUAL COMMUNICATION AND IMAGE REPRESENTATION,2.164,M,Elsevier,https://www.elsevier.com/journals/journal-of-visual-communication-and-image-representation/1047-3203/guide-for-authors,NA,0,0,1,0,0,0,0,0,0,1,0,1,0,0,0,0,NA,NA,NA,0,1,0,0,1
428,JOURNAL OF VISUALIZATION,0.95,P,Springer,https://www.springer.com/engineering/mechanics/journal/12650?detailsPage=pltci_1060846,NA,0,0,1,0,0,0,0,0,0,1,0,1,0,0,0,0,NA,NA,NA,0,1,0,0,0
429,JOURNAL OF VOICE,1.381,C,Elsevier,https://www.jvoice.org/content/authorinfo#idp1493328,NA,0,0,1,0,0,0,0,0,0,1,0,1,0,0,0,0,NA,NA,NA,0,1,0,0,1
430,Journal of Web Semantics,1.075,M,Elsevier,https://www.elsevier.com/journals/journal-of-web-semantics/1570-8268/guide-for-authors,NA,0,0,1,0,0,0,0,0,0,1,0,1,0,0,0,0,NA,NA,NA,0,1,0,0,1
431,JOURNAL OF WIND ENGINEERING AND INDUSTRIAL AERODYNAMICS,2.049,P,Elsevier,https://www.elsevier.com/journals/journal-of-wind-engineering-and-industrial-aerodynamics/0167-6105/guide-for-authors,NA,0,0,1,0,0,0,0,0,0,1,0,1,0,0,0,0,NA,NA,NA,0,1,0,0,1
432,JOURNALS OF GERONTOLOGY SERIES B-PSYCHOLOGICAL SCIENCES AND SOCIAL SCIENCES,3.064,S,Oxford University Press,https://academic.oup.com/journals/pages/access_purchase/rights_and_permissions/self_archiving_policy_b,NA,0,0,1,1,0,0,0,0,0,0,0,1,0,0,0,0,NA,NA,NA,0,1,0,0,0
433,KENNEDY INSTITUTE OF ETHICS JOURNAL,1.333,S,Johns Hopkins University Press,https://www.press.jhu.edu/journals/kennedy-institute-ethics-journal/author-guidelines,NA,0,0,0,0,0,0,0,1,0,0,0,0,0,0,0,1,NA,NA,NA,0,1,0,0,0
434,KNEE SURGERY SPORTS TRAUMATOLOGY ARTHROSCOPY,3.227,C,Springer,https://www.springer.com/medicine/orthopedics/journal/167?detailsPage=pltci_3044979,NA,0,0,1,0,0,0,0,0,0,0,0,1,0,0,0,0,NA,NA,NA,0,1,0,0,0
435,KOBUNSHI RONBUNSHU,0.253,P,"Â The Society of Polymer Science, Japan",https://www.jstage.jst.go.jp/browse/koron/_pubinfo/-char/en,NA,0,0,0,0,0,0,0,1,0,0,0,0,0,0,0,1,NA,NA,NA,1,0,0,0,0
436,KOVOVE MATERIALY-METALLIC MATERIALS,0.366,P,Institute of Materials and Machine Mechanics,http://www.kovmat.sav.sk/guide.php,NA,0,0,0,0,0,0,0,1,0,0,0,0,0,0,0,1,NA,NA,NA,1,0,0,0,0
437,KSII Transactions on Internet and Information Systems,0.452,M,the Korean Society for Internet Information,http://www.itiis.org/author-guide,http://www.itiis.org/about,0,0,0,0,0,0,0,1,0,0,0,0,0,0,0,1,NA,NA,NA,1,0,0,0,0
438,LABORATORY MEDICINE,1.088,C,Oxford University Press,https://academic.oup.com/labmed/pages/General_Instructions,NA,0,0,0,0,1,0,0,0,0,0,0,0,0,0,0,1,NA,NA,NA,0,1,0,0,0
439,LABOUR-LE TRAVAIL,0.419,S,Canadian Committee on Labour HistoryÂ ,http://www.lltjournal.ca/index.php/llt/about/submissions#onlineSubmissions,NA,0,0,0,0,0,0,0,1,0,0,0,0,0,0,0,1,NA,NA,NA,0,1,0,0,0
440,LAND USE POLICY,3.089,B,Elsevier,https://www.elsevier.com/journals/land-use-policy/0264-8377/guide-for-authors,NA,0,0,1,0,0,0,0,0,0,1,0,1,0,0,0,0,NA,NA,NA,0,1,0,0,1
441,LANDSCAPE AND URBAN PLANNING,4.563,P,Elsevier,https://www.elsevier.com/journals/landscape-and-urban-planning/0169-2046/guide-for-authors,NA,0,0,1,0,0,0,0,0,0,1,0,1,0,0,0,0,NA,NA,NA,0,1,0,0,1
442,LANGUAGE & COMMUNICATION,0.793,M,Elsevier,https://www.elsevier.com/journals/language-and-communication/0271-5309/guide-for-authors,NA,0,0,1,0,0,0,0,0,0,1,0,1,0,0,0,0,NA,NA,NA,0,1,0,0,1
443,LATIN AMERICAN PERSPECTIVES,0.487,S,Sage,http://latinamericanperspectives.com/publish-in-lap-overview/,NA,0,0,0,0,0,0,0,1,0,0,0,0,0,0,0,1,NA,NA,NA,0,1,0,0,0
444,Law & Policy,0.828,S,Wiley,https://onlinelibrary.wiley.com/page/journal/14679930/homepage/forauthors.html,NA,0,0,0,0,0,0,0,1,0,0,0,0,0,0,0,1,NA,NA,NA,0,1,0,0,0
445,LEARNING & BEHAVIOR,1.015,C,Springer,https://www.springer.com/psychology/journal/13420/PS2,NA,0,0,1,1,0,0,0,0,0,1,0,0,1,0,0,0,0,0,1,0,1,0,0,0
446,LINEAR ALGEBRA AND ITS APPLICATIONS,0.973,M,Elsevier,https://www.elsevier.com/journals/linear-algebra-and-its-applications/0024-3795/guide-for-authors,NA,0,0,0,0,0,0,0,1,0,0,0,0,0,0,0,1,NA,NA,NA,0,1,0,0,0
447,LIPIDS,1.934,B,Wiley,https://onlinelibrary.wiley.com/page/journal/15589307/homepage/forauthors.html,NA,0,1,0,0,0,0,0,0,1,0,0,1,0,0,0,0,NA,NA,NA,0,1,0,0,0
448,LOGIC JOURNAL OF THE IGPL,0.575,M,Oxford University Press,https://academic.oup.com/journals/pages/access_purchase/rights_and_permissions/self_archiving_policy_a,NA,0,0,0,0,0,0,0,1,0,0,0,0,0,0,0,1,NA,NA,NA,0,1,0,0,0
449,Lubrication Science,1.414,P,Wiley,https://onlinelibrary.wiley.com/page/journal/15576833/homepage/forauthors.html,NA,0,0,0,0,0,0,0,1,0,0,0,0,0,0,0,1,NA,NA,NA,0,1,0,0,0
450,Macroheterocycles,0.703,P,Ivanovo State University of Chemistry and TechnologyÂ ,https://macroheterocycles.isuct.ru/en/ethics,NA,0,0,1,1,0,0,0,0,0,0,0,0,0,0,0,1,NA,NA,NA,0,1,0,0,0
451,MACROMOLECULAR BIOSCIENCE,3.238,B,Wiley,https://wol-prod-cdn.literatumonline.com/pb-assets/assets/16165195/226x_guidelines-1510016785000.pdf,NA,0,0,0,0,0,0,0,1,0,0,0,0,0,0,0,1,NA,NA,NA,0,1,0,0,0
452,MACROMOLECULAR CHEMISTRY AND PHYSICS,2.5,P,Wiley,https://wol-prod-cdn.literatumonline.com/pb-assets/assets/15213935/226x_guidelines-1510015026000.pdf,NA,0,0,0,0,0,0,0,1,0,0,0,0,0,0,0,1,NA,NA,NA,0,1,0,0,0
453,MARINE AND FRESHWATER BEHAVIOUR AND PHYSIOLOGY,0.958,B,Taylor & Francis,https://www.tandfonline.com/action/authorSubmission?journalCode=gmfw20&page=instructions#dsp,NA,0,0,1,0,0,0,0,0,0,0,0,1,0,0,0,0,NA,NA,NA,0,1,0,0,0
454,Marine Biology Research,1.161,B,Taylor & Francis,https://www.tandfonline.com/action/authorSubmission?show=instructions&journalCode=smar20#Datasharingpolicy,NA,0,0,1,0,0,0,0,0,0,0,0,1,0,0,0,0,NA,NA,NA,0,1,0,0,0
455,Marine Genomics,1.923,C,Elsevier,https://www.elsevier.com/journals/marine-genomics/1874-7787/guide-for-authors,NA,1,0,0,0,0,0,0,0,0,0,0,1,0,0,0,0,NA,NA,NA,0,1,0,0,1
456,Marine Resource Economics,1.911,S,Chicago University Press,https://www.journals.uchicago.edu/journals/mre/instruct,NA,0,1,0,0,0,0,0,0,0,1,0,0,1,0,0,0,1,0,0,0,1,0,0,1
457,MATCH-COMMUNICATIONS IN MATHEMATICAL AND IN COMPUTER CHEMISTRY,3.139,P,University of Kragujevac,http://match.pmf.kg.ac.rs/ethics.htm,NA,0,0,0,0,0,0,0,1,0,0,0,0,0,0,0,1,NA,NA,NA,0,1,0,0,0
458,MATERIALS CHEMISTRY AND PHYSICS,2.084,P,Elsevier,https://www.elsevier.com/journals/materials-chemistry-and-physics/0254-0584/guide-for-authors,NA,0,0,1,0,0,0,0,0,0,1,0,1,0,0,0,0,NA,NA,NA,0,1,0,0,1
459,MATHEMATICAL METHODS OF OPERATIONS RESEARCH,0.762,S,Springer,https://www.springer.com/mathematics/journal/186,NA,0,0,1,0,0,0,0,0,0,0,0,1,0,0,0,0,NA,NA,NA,0,1,0,0,0
460,Mathematical Modelling of Natural Phenomena,0.952,M,Â EDP Sciences,https://www.mmnp-journal.org/author-information/instructions-for-authors,NA,0,0,0,0,0,0,0,1,0,0,0,0,0,0,0,1,NA,NA,NA,0,1,0,0,0
461,Mathematical Population Studies,0.286,M,Taylor & Francis,https://www.tandfonline.com/action/authorSubmission?show=instructions&journalCode=gmps20,NA,0,0,1,0,0,0,0,0,0,0,0,1,0,0,0,0,NA,NA,NA,0,1,0,0,0
462,Mathematical Reports,0.246,M,Â Romanian Academy,http://imar.ro/journals/Mathematical_Reports/instructions.html,NA,0,0,0,0,0,0,0,1,0,0,0,0,0,0,0,1,NA,NA,NA,0,1,0,0,0
463,Mathematics and Financial Economics,0.415,S,Springer,https://www.springer.com/mathematics/quantitative+finance/journal/11579,NA,0,0,1,0,0,0,0,0,0,0,0,1,0,0,0,0,NA,NA,NA,0,1,0,0,0
465,MATHEMATICS AND MECHANICS OF SOLIDS,2.953,M,Sage,https://us.sagepub.com/en-us/nam/journal/mathematics-and-mechanics-solids#submission-guidelines,NA,0,1,0,0,0,0,0,0,0,0,0,1,0,0,0,0,NA,NA,NA,0,1,0,0,0
466,MCN-The American Journal of Maternal-Child Nursing,0.94,C,"Wolters Kluwer Health, Inc.",http://edmgr.ovid.com/mcn/accounts/ifauth.htm,NA,0,0,0,0,0,0,0,1,0,0,0,0,0,0,0,1,NA,NA,NA,0,1,0,0,0